model,seed,arm,budget,turn,input_tok,peak_tok,latency_s
llama3.2:1b,0,full,400,0,463,306,31.397558
llama3.2:1b,0,full,400,1,832,551,13.090802
llama3.2:1b,0,full,400,2,1201,795,13.440715
llama3.2:1b,0,full,400,3,1561,1033,14.871599
llama3.2:1b,0,full,400,4,1921,1273,15.277726
llama3.2:1b,0,full,400,5,2281,1512,15.299641
llama3.2:1b,1,full,400,0,463,305,12.739097
llama3.2:1b,1,full,400,1,832,550,13.859516
llama3.2:1b,1,full,400,2,1201,795,14.478682
llama3.2:1b,1,full,400,3,1561,1034,15.011064
llama3.2:1b,1,full,400,4,1921,1273,16.140004
llama3.2:1b,1,full,400,5,2281,1513,14.928009
llama3.2:1b,2,full,400,0,463,306,12.473544
llama3.2:1b,2,full,400,1,832,551,13.787447
llama3.2:1b,2,full,400,2,1201,795,14.054174
llama3.2:1b,2,full,400,3,1561,1034,17.210373
llama3.2:1b,2,full,400,4,1921,1272,17.203626
llama3.2:1b,2,full,400,5,2281,1511,18.87364
llama3.2:1b,3,full,400,0,463,306,14.619359
llama3.2:1b,3,full,400,1,832,551,14.570675
llama3.2:1b,3,full,400,2,1201,796,15.292459
llama3.2:1b,3,full,400,3,1561,1035,17.332778
llama3.2:1b,3,full,400,4,1921,1275,17.474001
llama3.2:1b,3,full,400,5,2281,1514,16.057528
llama3.2:1b,4,full,400,0,463,305,13.051011
llama3.2:1b,4,full,400,1,832,550,14.364843
llama3.2:1b,4,full,400,2,1201,794,13.616505
llama3.2:1b,4,full,400,3,1561,1033,14.088877
llama3.2:1b,4,full,400,4,1921,1272,14.238187
llama3.2:1b,4,full,400,5,2281,1511,15.72928
llama3.2:1b,0,recency,400,0,463,306,21.330323
llama3.2:1b,0,recency,400,1,832,551,12.921922
llama3.2:1b,0,recency,400,2,1201,795,13.381137
llama3.2:1b,0,recency,400,3,1561,1033,14.646937
llama3.2:1b,0,recency,400,4,1570,1039,46.412663
llama3.2:1b,0,recency,400,5,1580,1047,46.08564
llama3.2:1b,1,recency,400,0,463,305,13.812865
llama3.2:1b,1,recency,400,1,832,550,16.323544
llama3.2:1b,1,recency,400,2,1201,795,13.810687
llama3.2:1b,1,recency,400,3,1561,1034,13.895399
llama3.2:1b,1,recency,400,4,1572,1041,49.188098
llama3.2:1b,1,recency,400,5,1584,1048,48.668386
llama3.2:1b,2,recency,400,0,463,306,13.13619
llama3.2:1b,2,recency,400,1,832,551,13.99617
llama3.2:1b,2,recency,400,2,1201,795,15.551487
llama3.2:1b,2,recency,400,3,1561,1034,15.323079
llama3.2:1b,2,recency,400,4,1571,1039,43.396425
llama3.2:1b,2,recency,400,5,1581,1044,41.314917
llama3.2:1b,3,recency,400,0,463,306,11.04349
llama3.2:1b,3,recency,400,1,832,551,11.609625
llama3.2:1b,3,recency,400,2,1201,796,11.774985
llama3.2:1b,3,recency,400,3,1561,1035,11.258433
llama3.2:1b,3,recency,400,4,1573,1042,34.929613
llama3.2:1b,3,recency,400,5,1583,1048,36.639103
llama3.2:1b,4,recency,400,0,463,305,10.826489
llama3.2:1b,4,recency,400,1,832,550,11.351806
llama3.2:1b,4,recency,400,2,1201,794,12.120731
llama3.2:1b,4,recency,400,3,1561,1033,11.937036
llama3.2:1b,4,recency,400,4,1570,1040,38.563838
llama3.2:1b,4,recency,400,5,1579,1046,36.689033
llama3.2:1b,0,reactive_afm,400,0,463,306,17.362895
llama3.2:1b,0,reactive_afm,400,1,528,352,12.263056
llama3.2:1b,0,reactive_afm,400,2,593,399,12.037362
llama3.2:1b,0,reactive_afm,400,3,649,439,12.102274
llama3.2:1b,0,reactive_afm,400,4,401,283,5.048074
llama3.2:1b,0,reactive_afm,400,5,457,325,4.526337
llama3.2:1b,1,reactive_afm,400,0,463,305,10.462048
llama3.2:1b,1,reactive_afm,400,1,528,352,4.366399
llama3.2:1b,1,reactive_afm,400,2,593,399,4.380953
llama3.2:1b,1,reactive_afm,400,3,649,440,14.924219
llama3.2:1b,1,reactive_afm,400,4,401,284,6.586133
llama3.2:1b,1,reactive_afm,400,5,457,325,4.515622
llama3.2:1b,2,reactive_afm,400,0,463,306,10.433084
llama3.2:1b,2,reactive_afm,400,1,528,352,4.633096
llama3.2:1b,2,reactive_afm,400,2,573,386,4.148048
llama3.2:1b,2,reactive_afm,400,3,629,428,13.982769
llama3.2:1b,2,reactive_afm,400,4,381,270,7.320474
llama3.2:1b,2,reactive_afm,400,5,437,312,4.383168
llama3.2:1b,3,reactive_afm,400,0,463,306,10.184664
llama3.2:1b,3,reactive_afm,400,1,528,352,4.317526
llama3.2:1b,3,reactive_afm,400,2,593,399,13.356307
llama3.2:1b,3,reactive_afm,400,3,649,440,11.853767
llama3.2:1b,3,reactive_afm,400,4,401,283,5.100121
llama3.2:1b,3,reactive_afm,400,5,457,325,4.332225
llama3.2:1b,4,reactive_afm,400,0,463,305,10.236898
llama3.2:1b,4,reactive_afm,400,1,528,352,4.368112
llama3.2:1b,4,reactive_afm,400,2,593,398,4.36728
llama3.2:1b,4,reactive_afm,400,3,649,440,14.481017
llama3.2:1b,4,reactive_afm,400,4,401,283,4.980534
llama3.2:1b,4,reactive_afm,400,5,457,324,4.187913
llama3.2:1b,0,foveance,400,0,463,306,2.655256
llama3.2:1b,0,foveance,400,1,528,352,2.900986
llama3.2:1b,0,foveance,400,2,593,399,2.635474
llama3.2:1b,0,foveance,400,3,649,439,2.94539
llama3.2:1b,0,foveance,400,4,401,283,3.229789
llama3.2:1b,0,foveance,400,5,457,325,4.492991
llama3.2:1b,1,foveance,400,0,463,305,3.007825
llama3.2:1b,1,foveance,400,1,528,352,10.511255
llama3.2:1b,1,foveance,400,2,593,398,10.579127
llama3.2:1b,1,foveance,400,3,649,440,11.841265
llama3.2:1b,1,foveance,400,4,401,284,5.086089
llama3.2:1b,1,foveance,400,5,457,325,4.396636
llama3.2:1b,2,foveance,400,0,463,306,3.025907
llama3.2:1b,2,foveance,400,1,528,352,4.506326
llama3.2:1b,2,foveance,400,2,573,386,4.119924
llama3.2:1b,2,foveance,400,3,629,427,10.195025
llama3.2:1b,2,foveance,400,4,381,270,5.016537
llama3.2:1b,2,foveance,400,5,437,312,4.477765
llama3.2:1b,3,foveance,400,0,463,306,2.981359
llama3.2:1b,3,foveance,400,1,528,352,4.381551
llama3.2:1b,3,foveance,400,2,593,399,2.923776
llama3.2:1b,3,foveance,400,3,649,440,2.940625
llama3.2:1b,3,foveance,400,4,401,283,3.276758
llama3.2:1b,3,foveance,400,5,457,325,4.220273
llama3.2:1b,4,foveance,400,0,463,305,3.042576
llama3.2:1b,4,foveance,400,1,528,352,4.346485
llama3.2:1b,4,foveance,400,2,593,398,4.364719
llama3.2:1b,4,foveance,400,3,649,440,2.938753
llama3.2:1b,4,foveance,400,4,401,283,3.199045
llama3.2:1b,4,foveance,400,5,457,324,4.161799
llama3.2:1b,0,full,700,0,463,306,2.601804
llama3.2:1b,0,full,700,1,832,551,10.939055
llama3.2:1b,0,full,700,2,1201,795,10.957228
llama3.2:1b,0,full,700,3,1561,1033,11.486367
llama3.2:1b,0,full,700,4,1921,1273,11.617493
llama3.2:1b,0,full,700,5,2281,1512,12.215417
llama3.2:1b,1,full,700,0,463,305,2.667184
llama3.2:1b,1,full,700,1,832,550,11.026381
llama3.2:1b,1,full,700,2,1201,795,10.779791
llama3.2:1b,1,full,700,3,1561,1034,11.520551
llama3.2:1b,1,full,700,4,1921,1273,11.919148
llama3.2:1b,1,full,700,5,2281,1513,12.191735
llama3.2:1b,2,full,700,0,463,306,3.078291
llama3.2:1b,2,full,700,1,832,551,10.901876
llama3.2:1b,2,full,700,2,1201,795,10.983277
llama3.2:1b,2,full,700,3,1561,1034,11.570666
llama3.2:1b,2,full,700,4,1921,1272,11.88687
llama3.2:1b,2,full,700,5,2281,1511,11.842795
llama3.2:1b,3,full,700,0,463,306,2.959925
llama3.2:1b,3,full,700,1,832,551,10.678722
llama3.2:1b,3,full,700,2,1201,796,11.144976
llama3.2:1b,3,full,700,3,1561,1035,11.361217
llama3.2:1b,3,full,700,4,1921,1275,12.186831
llama3.2:1b,3,full,700,5,2281,1514,12.355674
llama3.2:1b,4,full,700,0,463,305,3.093968
llama3.2:1b,4,full,700,1,832,550,11.547045
llama3.2:1b,4,full,700,2,1201,794,11.968775
llama3.2:1b,4,full,700,3,1561,1033,12.256013
llama3.2:1b,4,full,700,4,1921,1272,12.586634
llama3.2:1b,4,full,700,5,2281,1511,13.062286
llama3.2:1b,0,recency,700,0,463,306,10.378962
llama3.2:1b,0,recency,700,1,832,551,11.057565
llama3.2:1b,0,recency,700,2,1201,795,11.46401
llama3.2:1b,0,recency,700,3,1561,1033,11.612065
llama3.2:1b,0,recency,700,4,1570,1039,35.496061
llama3.2:1b,0,recency,700,5,1580,1047,35.602184
llama3.2:1b,1,recency,700,0,463,305,10.326268
llama3.2:1b,1,recency,700,1,832,550,10.936158
llama3.2:1b,1,recency,700,2,1201,795,11.068394
llama3.2:1b,1,recency,700,3,1561,1034,11.406803
llama3.2:1b,1,recency,700,4,1572,1041,35.431676
llama3.2:1b,1,recency,700,5,1584,1048,35.731405
llama3.2:1b,2,recency,700,0,463,306,10.556721
llama3.2:1b,2,recency,700,1,832,551,10.685506
llama3.2:1b,2,recency,700,2,1201,795,11.040873
llama3.2:1b,2,recency,700,3,1561,1034,11.558205
llama3.2:1b,2,recency,700,4,1571,1039,35.237877
llama3.2:1b,2,recency,700,5,1581,1044,35.185971
llama3.2:1b,3,recency,700,0,463,306,10.258766
llama3.2:1b,3,recency,700,1,832,551,10.771818
llama3.2:1b,3,recency,700,2,1201,796,10.806592
llama3.2:1b,3,recency,700,3,1561,1035,11.538997
llama3.2:1b,3,recency,700,4,1573,1042,35.126674
llama3.2:1b,3,recency,700,5,1583,1048,34.991117
llama3.2:1b,4,recency,700,0,463,305,10.366409
llama3.2:1b,4,recency,700,1,832,550,10.9073
llama3.2:1b,4,recency,700,2,1201,794,11.330076
llama3.2:1b,4,recency,700,3,1561,1033,11.127044
llama3.2:1b,4,recency,700,4,1570,1040,34.957607
llama3.2:1b,4,recency,700,5,1579,1046,34.762402
llama3.2:1b,0,reactive_afm,700,0,463,306,2.967434
llama3.2:1b,0,reactive_afm,700,1,832,551,10.854967
llama3.2:1b,0,reactive_afm,700,2,897,597,11.611507
llama3.2:1b,0,reactive_afm,700,3,953,637,10.919897
llama3.2:1b,0,reactive_afm,700,4,1009,678,10.84873
llama3.2:1b,0,reactive_afm,700,5,1065,720,11.837209
llama3.2:1b,1,reactive_afm,700,0,463,305,2.967485
llama3.2:1b,1,reactive_afm,700,1,832,550,11.363604
llama3.2:1b,1,reactive_afm,700,2,897,597,4.596269
llama3.2:1b,1,reactive_afm,700,3,953,637,11.580289
llama3.2:1b,1,reactive_afm,700,4,1009,680,12.074386
llama3.2:1b,1,reactive_afm,700,5,1065,722,18.421143
llama3.2:1b,2,reactive_afm,700,0,463,306,3.032252
llama3.2:1b,2,reactive_afm,700,1,832,551,10.747304
llama3.2:1b,2,reactive_afm,700,2,877,585,4.33322
llama3.2:1b,2,reactive_afm,700,3,933,626,10.516025
llama3.2:1b,2,reactive_afm,700,4,989,666,11.660386
llama3.2:1b,2,reactive_afm,700,5,1045,708,11.728667
llama3.2:1b,3,reactive_afm,700,0,463,306,2.961083
llama3.2:1b,3,reactive_afm,700,1,832,551,10.592587
llama3.2:1b,3,reactive_afm,700,2,897,597,12.302679
llama3.2:1b,3,reactive_afm,700,3,953,638,11.188449
llama3.2:1b,3,reactive_afm,700,4,1009,680,11.272966
llama3.2:1b,3,reactive_afm,700,5,1065,721,18.439541
llama3.2:1b,4,reactive_afm,700,0,463,305,3.083375
llama3.2:1b,4,reactive_afm,700,1,832,550,11.012145
llama3.2:1b,4,reactive_afm,700,2,897,595,11.693972
llama3.2:1b,4,reactive_afm,700,3,953,637,17.95531
llama3.2:1b,4,reactive_afm,700,4,1009,679,18.152243
llama3.2:1b,4,reactive_afm,700,5,1065,720,11.933721
llama3.2:1b,0,foveance,700,0,463,306,2.998371
llama3.2:1b,0,foveance,700,1,832,551,11.105411
llama3.2:1b,0,foveance,700,2,897,597,11.6814
llama3.2:1b,0,foveance,700,3,953,637,3.013439
llama3.2:1b,0,foveance,700,4,1009,678,18.029109
llama3.2:1b,0,foveance,700,5,1065,720,11.844473
llama3.2:1b,1,foveance,700,0,463,305,2.977599
llama3.2:1b,1,foveance,700,1,832,550,10.909723
llama3.2:1b,1,foveance,700,2,897,597,11.045984
llama3.2:1b,1,foveance,700,3,953,637,10.429899
llama3.2:1b,1,foveance,700,4,1009,680,11.462556
llama3.2:1b,1,foveance,700,5,1065,722,2.735242
llama3.2:1b,2,foveance,700,0,463,306,3.021622
llama3.2:1b,2,foveance,700,1,832,551,10.778663
llama3.2:1b,2,foveance,700,2,877,585,4.295298
llama3.2:1b,2,foveance,700,3,953,637,18.634968
llama3.2:1b,2,foveance,700,4,989,666,10.591593
llama3.2:1b,2,foveance,700,5,1045,706,18.204569
llama3.2:1b,3,foveance,700,0,463,306,2.974851
llama3.2:1b,3,foveance,700,1,832,551,10.730517
llama3.2:1b,3,foveance,700,2,897,597,11.533498
llama3.2:1b,3,foveance,700,3,953,638,2.973805
llama3.2:1b,3,foveance,700,4,1009,680,2.956398
llama3.2:1b,3,foveance,700,5,1065,721,2.968792
llama3.2:1b,4,foveance,700,0,463,305,3.041564
llama3.2:1b,4,foveance,700,1,832,550,11.033991
llama3.2:1b,4,foveance,700,2,897,595,11.765343
llama3.2:1b,4,foveance,700,3,953,637,2.945122
llama3.2:1b,4,foveance,700,4,1009,679,10.486173
llama3.2:1b,4,foveance,700,5,1065,720,11.678923
llama3.2:1b,0,full,1200,0,463,306,2.975858
llama3.2:1b,0,full,1200,1,832,551,10.689491
llama3.2:1b,0,full,1200,2,1201,795,10.967118
llama3.2:1b,0,full,1200,3,1561,1033,11.763552
llama3.2:1b,0,full,1200,4,1921,1273,11.793155
llama3.2:1b,0,full,1200,5,2281,1512,12.288524
llama3.2:1b,1,full,1200,0,463,305,2.963837
llama3.2:1b,1,full,1200,1,832,550,11.089776
llama3.2:1b,1,full,1200,2,1201,795,11.048401
llama3.2:1b,1,full,1200,3,1561,1034,11.460061
llama3.2:1b,1,full,1200,4,1921,1273,11.877943
llama3.2:1b,1,full,1200,5,2281,1513,12.185226
llama3.2:1b,2,full,1200,0,463,306,3.047522
llama3.2:1b,2,full,1200,1,832,551,10.743981
llama3.2:1b,2,full,1200,2,1201,795,11.037919
llama3.2:1b,2,full,1200,3,1561,1034,11.817694
llama3.2:1b,2,full,1200,4,1921,1272,12.445786
llama3.2:1b,2,full,1200,5,2281,1511,12.495737
llama3.2:1b,3,full,1200,0,463,306,3.033165
llama3.2:1b,3,full,1200,1,832,551,11.277128
llama3.2:1b,3,full,1200,2,1201,796,11.399636
llama3.2:1b,3,full,1200,3,1561,1035,11.746927
llama3.2:1b,3,full,1200,4,1921,1275,11.78347
llama3.2:1b,3,full,1200,5,2281,1514,12.269279
llama3.2:1b,4,full,1200,0,463,305,3.084199
llama3.2:1b,4,full,1200,1,832,550,11.236423
llama3.2:1b,4,full,1200,2,1201,794,11.465028
llama3.2:1b,4,full,1200,3,1561,1033,11.443665
llama3.2:1b,4,full,1200,4,1921,1272,12.051991
llama3.2:1b,4,full,1200,5,2281,1511,12.538312
llama3.2:1b,0,recency,1200,0,463,306,10.495191
llama3.2:1b,0,recency,1200,1,832,551,11.195889
llama3.2:1b,0,recency,1200,2,1201,795,11.067686
llama3.2:1b,0,recency,1200,3,1561,1033,11.495534
llama3.2:1b,0,recency,1200,4,1570,1039,3.074065
llama3.2:1b,0,recency,1200,5,1580,1047,2.676394
llama3.2:1b,1,recency,1200,0,463,305,10.365537
llama3.2:1b,1,recency,1200,1,832,550,10.782845
llama3.2:1b,1,recency,1200,2,1201,795,10.908655
llama3.2:1b,1,recency,1200,3,1561,1034,11.444088
llama3.2:1b,1,recency,1200,4,1572,1041,3.068164
llama3.2:1b,1,recency,1200,5,1584,1048,3.222964
llama3.2:1b,2,recency,1200,0,463,306,10.569522
llama3.2:1b,2,recency,1200,1,832,551,10.727191
llama3.2:1b,2,recency,1200,2,1201,795,10.91285
llama3.2:1b,2,recency,1200,3,1561,1034,11.681886
llama3.2:1b,2,recency,1200,4,1571,1039,2.792876
llama3.2:1b,2,recency,1200,5,1581,1044,3.210728
llama3.2:1b,3,recency,1200,0,463,306,10.185858
llama3.2:1b,3,recency,1200,1,832,551,10.65238
llama3.2:1b,3,recency,1200,2,1201,796,11.081685
llama3.2:1b,3,recency,1200,3,1561,1035,11.369039
llama3.2:1b,3,recency,1200,4,1573,1042,2.786064
llama3.2:1b,3,recency,1200,5,1583,1048,2.94088
llama3.2:1b,4,recency,1200,0,463,305,10.456158
llama3.2:1b,4,recency,1200,1,832,550,11.020769
llama3.2:1b,4,recency,1200,2,1201,794,11.198874
llama3.2:1b,4,recency,1200,3,1561,1033,11.324719
llama3.2:1b,4,recency,1200,4,1570,1040,2.782922
llama3.2:1b,4,recency,1200,5,1579,1046,2.710374
llama3.2:1b,0,reactive_afm,1200,0,463,306,2.995485
llama3.2:1b,0,reactive_afm,1200,1,832,551,10.804229
llama3.2:1b,0,reactive_afm,1200,2,1201,795,10.919917
llama3.2:1b,0,reactive_afm,1200,3,1561,1033,11.706554
llama3.2:1b,0,reactive_afm,1200,4,1617,1075,27.932283
llama3.2:1b,0,reactive_afm,1200,5,1673,1116,20.03927
llama3.2:1b,1,reactive_afm,1200,0,463,305,2.988549
llama3.2:1b,1,reactive_afm,1200,1,832,550,11.764675
llama3.2:1b,1,reactive_afm,1200,2,1201,795,11.609176
llama3.2:1b,1,reactive_afm,1200,3,1561,1034,11.843864
llama3.2:1b,1,reactive_afm,1200,4,1617,1075,28.52222
llama3.2:1b,1,reactive_afm,1200,5,1673,1117,27.874864
llama3.2:1b,2,reactive_afm,1200,0,463,306,3.053143
llama3.2:1b,2,reactive_afm,1200,1,832,551,10.803859
llama3.2:1b,2,reactive_afm,1200,2,1201,795,11.130375
llama3.2:1b,2,reactive_afm,1200,3,1561,1034,12.069537
llama3.2:1b,2,reactive_afm,1200,4,1597,1062,20.258549
llama3.2:1b,2,reactive_afm,1200,5,1653,1103,27.449644
llama3.2:1b,3,reactive_afm,1200,0,463,306,2.986446
llama3.2:1b,3,reactive_afm,1200,1,832,551,10.75697
llama3.2:1b,3,reactive_afm,1200,2,1201,796,10.969133
llama3.2:1b,3,reactive_afm,1200,3,1561,1035,11.447023
llama3.2:1b,3,reactive_afm,1200,4,1617,1076,28.402799
llama3.2:1b,3,reactive_afm,1200,5,1673,1117,19.502172
llama3.2:1b,4,reactive_afm,1200,0,463,305,3.031613
llama3.2:1b,4,reactive_afm,1200,1,832,550,10.95966
llama3.2:1b,4,reactive_afm,1200,2,1201,794,11.23927
llama3.2:1b,4,reactive_afm,1200,3,1561,1033,11.560359
llama3.2:1b,4,reactive_afm,1200,4,1617,1074,28.60529
llama3.2:1b,4,reactive_afm,1200,5,1673,1115,28.357308
llama3.2:1b,0,foveance,1200,0,463,306,2.978563
llama3.2:1b,0,foveance,1200,1,832,551,10.995543
llama3.2:1b,0,foveance,1200,2,1201,795,10.890814
llama3.2:1b,0,foveance,1200,3,1561,1033,11.657164
llama3.2:1b,0,foveance,1200,4,1617,1075,2.7724
llama3.2:1b,0,foveance,1200,5,1673,1116,2.868417
llama3.2:1b,1,foveance,1200,0,463,305,2.979834
llama3.2:1b,1,foveance,1200,1,832,550,10.953428
llama3.2:1b,1,foveance,1200,2,1201,795,10.898574
llama3.2:1b,1,foveance,1200,3,1561,1034,11.623271
llama3.2:1b,1,foveance,1200,4,1617,1075,2.806577
llama3.2:1b,1,foveance,1200,5,1673,1117,2.793855
llama3.2:1b,2,foveance,1200,0,463,306,3.02467
llama3.2:1b,2,foveance,1200,1,832,551,10.808394
llama3.2:1b,2,foveance,1200,2,1201,795,10.955095
llama3.2:1b,2,foveance,1200,3,1561,1034,11.992543
llama3.2:1b,2,foveance,1200,4,1597,1062,19.941176
llama3.2:1b,2,foveance,1200,5,1653,1103,2.796953
llama3.2:1b,3,foveance,1200,0,463,306,3.070068
llama3.2:1b,3,foveance,1200,1,832,551,10.642359
llama3.2:1b,3,foveance,1200,2,1201,796,11.041098
llama3.2:1b,3,foveance,1200,3,1561,1035,11.634085
llama3.2:1b,3,foveance,1200,4,1617,1076,2.800238
llama3.2:1b,3,foveance,1200,5,1673,1117,2.793587
llama3.2:1b,4,foveance,1200,0,463,305,3.009776
llama3.2:1b,4,foveance,1200,1,832,550,10.966528
llama3.2:1b,4,foveance,1200,2,1201,794,11.3466
llama3.2:1b,4,foveance,1200,3,1561,1033,11.296643
llama3.2:1b,4,foveance,1200,4,1617,1074,2.795392
llama3.2:1b,4,foveance,1200,5,1673,1115,3.036236
qwen2.5:1.5b,0,full,400,0,547,306,16.628994
qwen2.5:1.5b,0,full,400,1,993,551,11.394814
qwen2.5:1.5b,0,full,400,2,1438,795,13.071687
qwen2.5:1.5b,0,full,400,3,1869,1033,13.982892
qwen2.5:1.5b,0,full,400,4,2305,1273,13.565561
qwen2.5:1.5b,0,full,400,5,2742,1512,14.508312
qwen2.5:1.5b,1,full,400,0,543,305,11.036311
qwen2.5:1.5b,1,full,400,1,991,550,11.726905
qwen2.5:1.5b,1,full,400,2,1437,795,12.785316
qwen2.5:1.5b,1,full,400,3,1871,1034,12.5448
qwen2.5:1.5b,1,full,400,4,2308,1273,13.045186
qwen2.5:1.5b,1,full,400,5,2745,1513,13.811917
qwen2.5:1.5b,2,full,400,0,545,306,11.142488
qwen2.5:1.5b,2,full,400,1,996,551,11.665527
qwen2.5:1.5b,2,full,400,2,1438,795,12.26033
qwen2.5:1.5b,2,full,400,3,1872,1034,12.588061
qwen2.5:1.5b,2,full,400,4,2303,1272,12.884595
qwen2.5:1.5b,2,full,400,5,2736,1511,13.557604
qwen2.5:1.5b,3,full,400,0,546,306,10.708437
qwen2.5:1.5b,3,full,400,1,994,551,11.468912
qwen2.5:1.5b,3,full,400,2,1441,796,12.076736
qwen2.5:1.5b,3,full,400,3,1878,1035,12.345731
qwen2.5:1.5b,3,full,400,4,2315,1275,13.165117
qwen2.5:1.5b,3,full,400,5,2748,1514,14.093153
qwen2.5:1.5b,4,full,400,0,543,305,10.641546
qwen2.5:1.5b,4,full,400,1,991,550,11.316487
qwen2.5:1.5b,4,full,400,2,1433,794,11.948261
qwen2.5:1.5b,4,full,400,3,1867,1033,12.645039
qwen2.5:1.5b,4,full,400,4,2303,1272,12.959819
qwen2.5:1.5b,4,full,400,5,2736,1511,13.409857
qwen2.5:1.5b,0,recency,400,0,547,306,10.551863
qwen2.5:1.5b,0,recency,400,1,993,551,11.522607
qwen2.5:1.5b,0,recency,400,2,1438,795,12.498692
qwen2.5:1.5b,0,recency,400,3,1869,1033,12.382729
qwen2.5:1.5b,0,recency,400,4,1879,1039,37.957282
qwen2.5:1.5b,0,recency,400,5,1893,1047,37.269966
qwen2.5:1.5b,1,recency,400,0,543,305,11.179864
qwen2.5:1.5b,1,recency,400,1,991,550,11.539225
qwen2.5:1.5b,1,recency,400,2,1437,795,11.955258
qwen2.5:1.5b,1,recency,400,3,1871,1034,12.394937
qwen2.5:1.5b,1,recency,400,4,1887,1041,37.570861
qwen2.5:1.5b,1,recency,400,5,1898,1048,37.299619
qwen2.5:1.5b,2,recency,400,0,545,306,10.658644
qwen2.5:1.5b,2,recency,400,1,996,551,11.405066
qwen2.5:1.5b,2,recency,400,2,1438,795,11.820142
qwen2.5:1.5b,2,recency,400,3,1872,1034,12.203864
qwen2.5:1.5b,2,recency,400,4,1878,1039,37.301098
qwen2.5:1.5b,2,recency,400,5,1882,1044,36.213741
qwen2.5:1.5b,3,recency,400,0,546,306,10.928769
qwen2.5:1.5b,3,recency,400,1,994,551,11.709511
qwen2.5:1.5b,3,recency,400,2,1441,796,11.947868
qwen2.5:1.5b,3,recency,400,3,1878,1035,12.529081
qwen2.5:1.5b,3,recency,400,4,1890,1042,37.681183
qwen2.5:1.5b,3,recency,400,5,1898,1048,37.466202
qwen2.5:1.5b,4,recency,400,0,543,305,10.701348
qwen2.5:1.5b,4,recency,400,1,991,550,11.503807
qwen2.5:1.5b,4,recency,400,2,1433,794,11.873366
qwen2.5:1.5b,4,recency,400,3,1867,1033,12.398452
qwen2.5:1.5b,4,recency,400,4,1880,1040,37.747876
qwen2.5:1.5b,4,recency,400,5,1887,1046,37.059303
qwen2.5:1.5b,0,reactive_afm,400,0,547,306,3.140375
qwen2.5:1.5b,0,reactive_afm,400,1,621,352,11.971538
qwen2.5:1.5b,0,reactive_afm,400,2,697,399,11.639541
qwen2.5:1.5b,0,reactive_afm,400,3,758,439,11.469034
qwen2.5:1.5b,0,reactive_afm,400,4,457,283,4.939971
qwen2.5:1.5b,0,reactive_afm,400,5,523,325,4.16816
qwen2.5:1.5b,1,reactive_afm,400,0,543,305,3.026328
qwen2.5:1.5b,1,reactive_afm,400,1,620,352,4.16245
qwen2.5:1.5b,1,reactive_afm,400,2,697,399,4.438014
qwen2.5:1.5b,1,reactive_afm,400,3,762,440,14.354326
qwen2.5:1.5b,1,reactive_afm,400,4,459,284,6.178503
qwen2.5:1.5b,1,reactive_afm,400,5,525,325,4.183504
qwen2.5:1.5b,2,reactive_afm,400,0,545,306,3.073646
qwen2.5:1.5b,2,reactive_afm,400,1,622,352,4.463765
qwen2.5:1.5b,2,reactive_afm,400,2,674,386,3.993442
qwen2.5:1.5b,2,reactive_afm,400,3,743,428,14.034686
qwen2.5:1.5b,2,reactive_afm,400,4,434,270,6.877238
qwen2.5:1.5b,2,reactive_afm,400,5,500,312,4.142672
qwen2.5:1.5b,3,reactive_afm,400,0,546,306,3.063693
qwen2.5:1.5b,3,reactive_afm,400,1,621,352,4.42062
qwen2.5:1.5b,3,reactive_afm,400,2,697,399,13.177976
qwen2.5:1.5b,3,reactive_afm,400,3,764,440,11.711417
qwen2.5:1.5b,3,reactive_afm,400,4,458,283,4.811346
qwen2.5:1.5b,3,reactive_afm,400,5,524,325,4.187454
qwen2.5:1.5b,4,reactive_afm,400,0,543,305,3.096727
qwen2.5:1.5b,4,reactive_afm,400,1,620,352,4.422679
qwen2.5:1.5b,4,reactive_afm,400,2,695,398,4.439154
qwen2.5:1.5b,4,reactive_afm,400,3,761,440,14.606519
qwen2.5:1.5b,4,reactive_afm,400,4,458,283,4.706058
qwen2.5:1.5b,4,reactive_afm,400,5,522,324,4.118772
qwen2.5:1.5b,0,foveance,400,0,547,306,2.727834
qwen2.5:1.5b,0,foveance,400,1,621,352,2.709465
qwen2.5:1.5b,0,foveance,400,2,697,399,2.745167
qwen2.5:1.5b,0,foveance,400,3,758,439,2.748293
qwen2.5:1.5b,0,foveance,400,4,457,283,3.084155
qwen2.5:1.5b,0,foveance,400,5,523,325,4.207842
qwen2.5:1.5b,1,foveance,400,0,543,305,3.09152
qwen2.5:1.5b,1,foveance,400,1,621,352,10.420868
qwen2.5:1.5b,1,foveance,400,2,696,398,10.568855
qwen2.5:1.5b,1,foveance,400,3,761,440,11.707078
qwen2.5:1.5b,1,foveance,400,4,459,284,4.81016
qwen2.5:1.5b,1,foveance,400,5,525,325,4.250115
qwen2.5:1.5b,2,foveance,400,0,545,306,3.042088
qwen2.5:1.5b,2,foveance,400,1,622,352,4.376017
qwen2.5:1.5b,2,foveance,400,2,674,386,3.963457
qwen2.5:1.5b,2,foveance,400,3,738,427,10.226175
qwen2.5:1.5b,2,foveance,400,4,434,270,4.779464
qwen2.5:1.5b,2,foveance,400,5,500,312,4.215979
qwen2.5:1.5b,3,foveance,400,0,546,306,3.079865
qwen2.5:1.5b,3,foveance,400,1,621,352,4.404613
qwen2.5:1.5b,3,foveance,400,2,697,399,2.734886
qwen2.5:1.5b,3,foveance,400,3,764,440,2.735646
qwen2.5:1.5b,3,foveance,400,4,458,283,3.049349
qwen2.5:1.5b,3,foveance,400,5,524,325,4.146702
qwen2.5:1.5b,4,foveance,400,0,543,305,3.031364
qwen2.5:1.5b,4,foveance,400,1,620,352,4.55213
qwen2.5:1.5b,4,foveance,400,2,695,398,4.462492
qwen2.5:1.5b,4,foveance,400,3,761,440,2.754632
qwen2.5:1.5b,4,foveance,400,4,458,283,3.04822
qwen2.5:1.5b,4,foveance,400,5,522,324,4.117335
qwen2.5:1.5b,0,full,700,0,547,306,2.700357
qwen2.5:1.5b,0,full,700,1,993,551,11.291558
qwen2.5:1.5b,0,full,700,2,1438,795,12.037646
qwen2.5:1.5b,0,full,700,3,1869,1033,12.395693
qwen2.5:1.5b,0,full,700,4,2305,1273,13.507625
qwen2.5:1.5b,0,full,700,5,2742,1512,13.394527
qwen2.5:1.5b,1,full,700,0,543,305,2.722322
qwen2.5:1.5b,1,full,700,1,991,550,11.327953
qwen2.5:1.5b,1,full,700,2,1437,795,12.003412
qwen2.5:1.5b,1,full,700,3,1871,1034,12.30538
qwen2.5:1.5b,1,full,700,4,2308,1273,12.903421
qwen2.5:1.5b,1,full,700,5,2745,1513,13.891036
qwen2.5:1.5b,2,full,700,0,545,306,3.027981
qwen2.5:1.5b,2,full,700,1,996,551,11.400371
qwen2.5:1.5b,2,full,700,2,1438,795,11.94904
qwen2.5:1.5b,2,full,700,3,1872,1034,12.310329
qwen2.5:1.5b,2,full,700,4,2303,1272,12.774128
qwen2.5:1.5b,2,full,700,5,2736,1511,13.562811
qwen2.5:1.5b,3,full,700,0,546,306,3.017541
qwen2.5:1.5b,3,full,700,1,994,551,11.333126
qwen2.5:1.5b,3,full,700,2,1441,796,11.863029
qwen2.5:1.5b,3,full,700,3,1878,1035,12.491332
qwen2.5:1.5b,3,full,700,4,2315,1275,12.985999
qwen2.5:1.5b,3,full,700,5,2748,1514,13.514518
qwen2.5:1.5b,4,full,700,0,543,305,3.02687
qwen2.5:1.5b,4,full,700,1,991,550,11.252317
qwen2.5:1.5b,4,full,700,2,1433,794,11.822873
qwen2.5:1.5b,4,full,700,3,1867,1033,12.434915
qwen2.5:1.5b,4,full,700,4,2303,1272,12.855579
qwen2.5:1.5b,4,full,700,5,2736,1511,13.294476
qwen2.5:1.5b,0,recency,700,0,547,306,10.699756
qwen2.5:1.5b,0,recency,700,1,993,551,11.366091
qwen2.5:1.5b,0,recency,700,2,1438,795,11.920945
qwen2.5:1.5b,0,recency,700,3,1869,1033,12.418198
qwen2.5:1.5b,0,recency,700,4,1879,1039,2.804208
qwen2.5:1.5b,0,recency,700,5,1893,1047,2.535636
qwen2.5:1.5b,1,recency,700,0,543,305,10.763085
qwen2.5:1.5b,1,recency,700,1,991,550,11.453117
qwen2.5:1.5b,1,recency,700,2,1437,795,11.87867
qwen2.5:1.5b,1,recency,700,3,1871,1034,12.365656
qwen2.5:1.5b,1,recency,700,4,1887,1041,2.840305
qwen2.5:1.5b,1,recency,700,5,1898,1048,2.539039
qwen2.5:1.5b,2,recency,700,0,545,306,11.092826
qwen2.5:1.5b,2,recency,700,1,996,551,11.409224
qwen2.5:1.5b,2,recency,700,2,1438,795,11.895971
qwen2.5:1.5b,2,recency,700,3,1872,1034,12.486781
qwen2.5:1.5b,2,recency,700,4,1878,1039,2.853123
qwen2.5:1.5b,2,recency,700,5,1882,1044,2.559881
qwen2.5:1.5b,3,recency,700,0,546,306,10.749148
qwen2.5:1.5b,3,recency,700,1,994,551,11.501252
qwen2.5:1.5b,3,recency,700,2,1441,796,11.973184
qwen2.5:1.5b,3,recency,700,3,1878,1035,12.299842
qwen2.5:1.5b,3,recency,700,4,1890,1042,2.840024
qwen2.5:1.5b,3,recency,700,5,1898,1048,2.560727
qwen2.5:1.5b,4,recency,700,0,543,305,10.877668
qwen2.5:1.5b,4,recency,700,1,991,550,11.568861
qwen2.5:1.5b,4,recency,700,2,1433,794,11.870313
qwen2.5:1.5b,4,recency,700,3,1867,1033,12.456756
qwen2.5:1.5b,4,recency,700,4,1880,1040,2.861986
qwen2.5:1.5b,4,recency,700,5,1887,1046,2.589916
qwen2.5:1.5b,0,reactive_afm,700,0,547,306,3.10602
qwen2.5:1.5b,0,reactive_afm,700,1,993,551,11.268459
qwen2.5:1.5b,0,reactive_afm,700,2,1069,597,12.360263
qwen2.5:1.5b,0,reactive_afm,700,3,1128,637,11.379191
qwen2.5:1.5b,0,reactive_afm,700,4,1194,678,11.437506
qwen2.5:1.5b,0,reactive_afm,700,5,1260,720,12.215491
qwen2.5:1.5b,1,reactive_afm,700,0,543,305,3.13251
qwen2.5:1.5b,1,reactive_afm,700,1,991,550,11.341737
qwen2.5:1.5b,1,reactive_afm,700,2,1068,597,4.633338
qwen2.5:1.5b,1,reactive_afm,700,3,1130,637,11.464417
qwen2.5:1.5b,1,reactive_afm,700,4,1199,680,11.995668
qwen2.5:1.5b,1,reactive_afm,700,5,1267,722,18.937688
qwen2.5:1.5b,2,reactive_afm,700,0,545,306,3.258715
qwen2.5:1.5b,2,reactive_afm,700,1,996,551,11.506546
qwen2.5:1.5b,2,reactive_afm,700,2,1048,585,4.16743
qwen2.5:1.5b,2,reactive_afm,700,3,1112,626,10.721797
qwen2.5:1.5b,2,reactive_afm,700,4,1174,666,11.91917
qwen2.5:1.5b,2,reactive_afm,700,5,1241,708,12.122483
qwen2.5:1.5b,3,reactive_afm,700,0,546,306,3.032917
qwen2.5:1.5b,3,reactive_afm,700,1,994,551,11.373417
qwen2.5:1.5b,3,reactive_afm,700,2,1068,597,12.352036
qwen2.5:1.5b,3,reactive_afm,700,3,1134,638,11.298422
qwen2.5:1.5b,3,reactive_afm,700,4,1201,680,11.405727
qwen2.5:1.5b,3,reactive_afm,700,5,1263,721,19.088694
qwen2.5:1.5b,4,reactive_afm,700,0,543,305,3.143919
qwen2.5:1.5b,4,reactive_afm,700,1,991,550,11.324489
qwen2.5:1.5b,4,reactive_afm,700,2,1062,595,12.419095
qwen2.5:1.5b,4,reactive_afm,700,3,1128,637,18.33517
qwen2.5:1.5b,4,reactive_afm,700,4,1197,679,18.786789
qwen2.5:1.5b,4,reactive_afm,700,5,1260,720,12.10079
qwen2.5:1.5b,0,foveance,700,0,547,306,3.111996
qwen2.5:1.5b,0,foveance,700,1,993,551,11.489679
qwen2.5:1.5b,0,foveance,700,2,1069,597,12.100102
qwen2.5:1.5b,0,foveance,700,3,1128,637,2.761458
qwen2.5:1.5b,0,foveance,700,4,1194,678,19.122659
qwen2.5:1.5b,0,foveance,700,5,1260,720,12.026748
qwen2.5:1.5b,1,foveance,700,0,543,305,3.115822
qwen2.5:1.5b,1,foveance,700,1,991,550,11.344842
qwen2.5:1.5b,1,foveance,700,2,1067,597,11.605125
qwen2.5:1.5b,1,foveance,700,3,1130,637,10.622804
qwen2.5:1.5b,1,foveance,700,4,1199,680,12.114927
qwen2.5:1.5b,1,foveance,700,5,1267,722,2.737362
qwen2.5:1.5b,2,foveance,700,0,545,306,3.061277
qwen2.5:1.5b,2,foveance,700,1,996,551,12.131197
qwen2.5:1.5b,2,foveance,700,2,1048,585,4.128622
qwen2.5:1.5b,2,foveance,700,3,1128,637,18.799808
qwen2.5:1.5b,2,foveance,700,4,1174,666,10.769488
qwen2.5:1.5b,2,foveance,700,5,1233,706,18.588212
qwen2.5:1.5b,3,foveance,700,0,546,306,3.063246
qwen2.5:1.5b,3,foveance,700,1,994,551,11.537485
qwen2.5:1.5b,3,foveance,700,2,1068,597,12.220679
qwen2.5:1.5b,3,foveance,700,3,1134,638,2.816467
qwen2.5:1.5b,3,foveance,700,4,1201,680,2.772595
qwen2.5:1.5b,3,foveance,700,5,1263,721,2.819414
qwen2.5:1.5b,4,foveance,700,0,543,305,3.10334
qwen2.5:1.5b,4,foveance,700,1,991,550,11.507865
qwen2.5:1.5b,4,foveance,700,2,1062,595,12.258367
qwen2.5:1.5b,4,foveance,700,3,1128,637,2.817167
qwen2.5:1.5b,4,foveance,700,4,1197,679,11.010576
qwen2.5:1.5b,4,foveance,700,5,1260,720,12.095745
qwen2.5:1.5b,0,full,1200,0,547,306,3.087154
qwen2.5:1.5b,0,full,1200,1,993,551,11.358848
qwen2.5:1.5b,0,full,1200,2,1438,795,12.072673
qwen2.5:1.5b,0,full,1200,3,1869,1033,12.264713
qwen2.5:1.5b,0,full,1200,4,2305,1273,12.997622
qwen2.5:1.5b,0,full,1200,5,2742,1512,13.387753
qwen2.5:1.5b,1,full,1200,0,543,305,3.03148
qwen2.5:1.5b,1,full,1200,1,991,550,11.48847
qwen2.5:1.5b,1,full,1200,2,1437,795,11.999471
qwen2.5:1.5b,1,full,1200,3,1871,1034,12.421473
qwen2.5:1.5b,1,full,1200,4,2308,1273,12.859976
qwen2.5:1.5b,1,full,1200,5,2745,1513,14.049464
qwen2.5:1.5b,2,full,1200,0,545,306,3.117214
qwen2.5:1.5b,2,full,1200,1,996,551,11.395343
qwen2.5:1.5b,2,full,1200,2,1438,795,12.044097
qwen2.5:1.5b,2,full,1200,3,1872,1034,12.468897
qwen2.5:1.5b,2,full,1200,4,2303,1272,12.805615
qwen2.5:1.5b,2,full,1200,5,2736,1511,13.477399
qwen2.5:1.5b,3,full,1200,0,546,306,3.017372
qwen2.5:1.5b,3,full,1200,1,994,551,11.392206
qwen2.5:1.5b,3,full,1200,2,1441,796,11.903482
qwen2.5:1.5b,3,full,1200,3,1878,1035,12.442901
qwen2.5:1.5b,3,full,1200,4,2315,1275,12.96463
qwen2.5:1.5b,3,full,1200,5,2748,1514,13.256958
qwen2.5:1.5b,4,full,1200,0,543,305,3.102862
qwen2.5:1.5b,4,full,1200,1,991,550,11.410466
qwen2.5:1.5b,4,full,1200,2,1433,794,11.739241
qwen2.5:1.5b,4,full,1200,3,1867,1033,12.419095
qwen2.5:1.5b,4,full,1200,4,2303,1272,12.801329
qwen2.5:1.5b,4,full,1200,5,2736,1511,13.358349
qwen2.5:1.5b,0,recency,1200,0,547,306,10.764497
qwen2.5:1.5b,0,recency,1200,1,993,551,11.227397
qwen2.5:1.5b,0,recency,1200,2,1438,795,11.760151
qwen2.5:1.5b,0,recency,1200,3,1869,1033,12.470672
qwen2.5:1.5b,0,recency,1200,4,1879,1039,2.831149
qwen2.5:1.5b,0,recency,1200,5,1893,1047,2.722739
qwen2.5:1.5b,1,recency,1200,0,543,305,10.845494
qwen2.5:1.5b,1,recency,1200,1,991,550,11.395962
qwen2.5:1.5b,1,recency,1200,2,1437,795,11.940452
qwen2.5:1.5b,1,recency,1200,3,1871,1034,12.301858
qwen2.5:1.5b,1,recency,1200,4,1887,1041,2.841596
qwen2.5:1.5b,1,recency,1200,5,1898,1048,2.557424
qwen2.5:1.5b,2,recency,1200,0,545,306,11.310879
qwen2.5:1.5b,2,recency,1200,1,996,551,11.604944
qwen2.5:1.5b,2,recency,1200,2,1438,795,12.478672
qwen2.5:1.5b,2,recency,1200,3,1872,1034,12.798734
qwen2.5:1.5b,2,recency,1200,4,1878,1039,2.855631
qwen2.5:1.5b,2,recency,1200,5,1882,1044,2.548968
qwen2.5:1.5b,3,recency,1200,0,546,306,11.305277
qwen2.5:1.5b,3,recency,1200,1,994,551,11.804825
qwen2.5:1.5b,3,recency,1200,2,1441,796,12.115575
qwen2.5:1.5b,3,recency,1200,3,1878,1035,12.272886
qwen2.5:1.5b,3,recency,1200,4,1890,1042,2.847491
qwen2.5:1.5b,3,recency,1200,5,1898,1048,2.539741
qwen2.5:1.5b,4,recency,1200,0,543,305,10.88512
qwen2.5:1.5b,4,recency,1200,1,991,550,11.465288
qwen2.5:1.5b,4,recency,1200,2,1433,794,12.02001
qwen2.5:1.5b,4,recency,1200,3,1867,1033,12.582176
qwen2.5:1.5b,4,recency,1200,4,1880,1040,2.87635
qwen2.5:1.5b,4,recency,1200,5,1887,1046,2.546569
qwen2.5:1.5b,0,reactive_afm,1200,0,547,306,3.088981
qwen2.5:1.5b,0,reactive_afm,1200,1,993,551,11.194267
qwen2.5:1.5b,0,reactive_afm,1200,2,1438,795,11.995566
qwen2.5:1.5b,0,reactive_afm,1200,3,1869,1033,12.251312
qwen2.5:1.5b,0,reactive_afm,1200,4,1936,1075,30.251799
qwen2.5:1.5b,0,reactive_afm,1200,5,2001,1116,21.574322
qwen2.5:1.5b,1,reactive_afm,1200,0,543,305,3.082374
qwen2.5:1.5b,1,reactive_afm,1200,1,991,550,11.377044
qwen2.5:1.5b,1,reactive_afm,1200,2,1437,795,11.874869
qwen2.5:1.5b,1,reactive_afm,1200,3,1871,1034,12.362871
qwen2.5:1.5b,1,reactive_afm,1200,4,1937,1075,29.900531
qwen2.5:1.5b,1,reactive_afm,1200,5,2004,1117,29.067197
qwen2.5:1.5b,2,reactive_afm,1200,0,545,306,3.078827
qwen2.5:1.5b,2,reactive_afm,1200,1,996,551,11.60407
qwen2.5:1.5b,2,reactive_afm,1200,2,1438,795,11.849132
qwen2.5:1.5b,2,reactive_afm,1200,3,1872,1034,12.328972
qwen2.5:1.5b,2,reactive_afm,1200,4,1913,1062,21.477616
qwen2.5:1.5b,2,reactive_afm,1200,5,1976,1103,28.629803
qwen2.5:1.5b,3,reactive_afm,1200,0,546,306,3.047927
qwen2.5:1.5b,3,reactive_afm,1200,1,994,551,11.305263
qwen2.5:1.5b,3,reactive_afm,1200,2,1441,796,12.073672
qwen2.5:1.5b,3,reactive_afm,1200,3,1878,1035,12.2102
qwen2.5:1.5b,3,reactive_afm,1200,4,1942,1076,30.766354
qwen2.5:1.5b,3,reactive_afm,1200,5,2004,1117,21.360848
qwen2.5:1.5b,4,reactive_afm,1200,0,543,305,3.070547
qwen2.5:1.5b,4,reactive_afm,1200,1,991,550,11.365294
qwen2.5:1.5b,4,reactive_afm,1200,2,1433,794,11.899207
qwen2.5:1.5b,4,reactive_afm,1200,3,1867,1033,12.599898
qwen2.5:1.5b,4,reactive_afm,1200,4,1932,1074,30.302484
qwen2.5:1.5b,4,reactive_afm,1200,5,1998,1115,30.064175
qwen2.5:1.5b,0,foveance,1200,0,547,306,3.075412
qwen2.5:1.5b,0,foveance,1200,1,993,551,11.443485
qwen2.5:1.5b,0,foveance,1200,2,1438,795,11.875424
qwen2.5:1.5b,0,foveance,1200,3,1869,1033,12.3417
qwen2.5:1.5b,0,foveance,1200,4,1936,1075,2.861256
qwen2.5:1.5b,0,foveance,1200,5,2001,1116,2.851559
qwen2.5:1.5b,1,foveance,1200,0,543,305,3.051718
qwen2.5:1.5b,1,foveance,1200,1,991,550,11.541781
qwen2.5:1.5b,1,foveance,1200,2,1437,795,11.911125
qwen2.5:1.5b,1,foveance,1200,3,1871,1034,12.324372
qwen2.5:1.5b,1,foveance,1200,4,1937,1075,2.86381
qwen2.5:1.5b,1,foveance,1200,5,2004,1117,2.85079
qwen2.5:1.5b,2,foveance,1200,0,545,306,3.09333
qwen2.5:1.5b,2,foveance,1200,1,996,551,11.348502
qwen2.5:1.5b,2,foveance,1200,2,1438,795,12.053068
qwen2.5:1.5b,2,foveance,1200,3,1872,1034,12.327964
qwen2.5:1.5b,2,foveance,1200,4,1913,1062,21.493725
qwen2.5:1.5b,2,foveance,1200,5,1976,1103,2.827705
qwen2.5:1.5b,3,foveance,1200,0,546,306,3.053534
qwen2.5:1.5b,3,foveance,1200,1,994,551,11.395872
qwen2.5:1.5b,3,foveance,1200,2,1441,796,12.178034
qwen2.5:1.5b,3,foveance,1200,3,1878,1035,12.356177
qwen2.5:1.5b,3,foveance,1200,4,1942,1076,2.863088
qwen2.5:1.5b,3,foveance,1200,5,2004,1117,2.861029
qwen2.5:1.5b,4,foveance,1200,0,543,305,3.089675
qwen2.5:1.5b,4,foveance,1200,1,991,550,11.365655
qwen2.5:1.5b,4,foveance,1200,2,1433,794,11.894392
qwen2.5:1.5b,4,foveance,1200,3,1867,1033,12.257236
qwen2.5:1.5b,4,foveance,1200,4,1932,1074,2.851126
qwen2.5:1.5b,4,foveance,1200,5,1998,1115,2.834301
gemma2:2b,0,full,400,0,548,306,26.550404
gemma2:2b,0,full,400,1,1013,551,35.303683
gemma2:2b,0,full,400,2,1477,795,36.800144
gemma2:2b,0,full,400,3,1926,1033,38.364141
gemma2:2b,0,full,400,4,2380,1273,40.976163
gemma2:2b,0,full,400,5,2835,1512,42.205684
gemma2:2b,1,full,400,0,544,305,20.038528
gemma2:2b,1,full,400,1,1011,550,34.85763
gemma2:2b,1,full,400,2,1476,795,37.832773
gemma2:2b,1,full,400,3,1928,1034,38.548005
gemma2:2b,1,full,400,4,2383,1273,40.32099
gemma2:2b,1,full,400,5,2838,1513,42.076466
gemma2:2b,2,full,400,0,546,306,19.374622
gemma2:2b,2,full,400,1,1016,551,34.771809
gemma2:2b,2,full,400,2,1477,795,36.621829
gemma2:2b,2,full,400,3,1929,1034,38.456162
gemma2:2b,2,full,400,4,2378,1272,40.131191
gemma2:2b,2,full,400,5,2829,1511,41.860327
gemma2:2b,3,full,400,0,547,306,19.96487
gemma2:2b,3,full,400,1,1014,551,34.986669
gemma2:2b,3,full,400,2,1480,796,36.866176
gemma2:2b,3,full,400,3,1935,1035,38.288281
gemma2:2b,3,full,400,4,2390,1275,40.022481
gemma2:2b,3,full,400,5,2841,1514,42.308072
gemma2:2b,4,full,400,0,544,305,19.469214
gemma2:2b,4,full,400,1,1011,550,34.759331
gemma2:2b,4,full,400,2,1472,794,36.326585
gemma2:2b,4,full,400,3,1924,1033,38.239714
gemma2:2b,4,full,400,4,2378,1272,40.568199
gemma2:2b,4,full,400,5,2829,1511,41.824328
gemma2:2b,0,recency,400,0,548,306,20.188973
gemma2:2b,0,recency,400,1,1013,551,34.982022
gemma2:2b,0,recency,400,2,1477,795,36.983014
gemma2:2b,0,recency,400,3,1926,1033,38.766031
gemma2:2b,0,recency,400,4,1937,1039,68.958135
gemma2:2b,0,recency,400,5,1952,1047,68.414884
gemma2:2b,1,recency,400,0,544,305,19.922366
gemma2:2b,1,recency,400,1,1011,550,34.703546
gemma2:2b,1,recency,400,2,1476,795,36.89018
gemma2:2b,1,recency,400,3,1928,1034,38.457151
gemma2:2b,1,recency,400,4,1945,1041,68.712289
gemma2:2b,1,recency,400,5,1957,1048,69.173514
gemma2:2b,2,recency,400,0,546,306,20.010186
gemma2:2b,2,recency,400,1,1016,551,35.198664
gemma2:2b,2,recency,400,2,1477,795,37.02581
gemma2:2b,2,recency,400,3,1929,1034,38.384754
gemma2:2b,2,recency,400,4,1936,1039,68.849596
gemma2:2b,2,recency,400,5,1941,1044,68.199735
gemma2:2b,3,recency,400,0,547,306,20.125489
gemma2:2b,3,recency,400,1,1014,551,35.026837
gemma2:2b,3,recency,400,2,1480,796,36.994699
gemma2:2b,3,recency,400,3,1935,1035,38.82354
gemma2:2b,3,recency,400,4,1948,1042,68.939578
gemma2:2b,3,recency,400,5,1957,1048,72.981979
gemma2:2b,4,recency,400,0,544,305,21.119178
gemma2:2b,4,recency,400,1,1011,550,36.954771
gemma2:2b,4,recency,400,2,1472,794,37.758286
gemma2:2b,4,recency,400,3,1924,1033,38.785484
gemma2:2b,4,recency,400,4,1938,1040,68.661907
gemma2:2b,4,recency,400,5,1946,1046,69.084786
gemma2:2b,0,reactive_afm,400,0,548,306,5.848528
gemma2:2b,0,reactive_afm,400,1,626,352,23.420023
gemma2:2b,0,reactive_afm,400,2,706,399,26.048476
gemma2:2b,0,reactive_afm,400,3,770,439,28.274612
gemma2:2b,0,reactive_afm,400,4,457,283,16.684404
gemma2:2b,0,reactive_afm,400,5,526,325,18.597723
gemma2:2b,1,reactive_afm,400,0,544,305,5.821784
gemma2:2b,1,reactive_afm,400,1,625,352,7.677927
gemma2:2b,1,reactive_afm,400,2,706,399,10.282833
gemma2:2b,1,reactive_afm,400,3,774,440,27.887761
gemma2:2b,1,reactive_afm,400,4,459,284,16.490194
gemma2:2b,1,reactive_afm,400,5,528,325,18.723257
gemma2:2b,2,reactive_afm,400,0,546,306,5.146866
gemma2:2b,2,reactive_afm,400,1,627,352,7.392695
gemma2:2b,2,reactive_afm,400,2,682,386,9.438149
gemma2:2b,2,reactive_afm,400,3,754,428,26.088726
gemma2:2b,2,reactive_afm,400,4,433,270,16.126803
gemma2:2b,2,reactive_afm,400,5,502,312,17.813974
gemma2:2b,3,reactive_afm,400,0,547,306,4.965545
gemma2:2b,3,reactive_afm,400,1,626,352,7.673025
gemma2:2b,3,reactive_afm,400,2,706,399,24.777147
gemma2:2b,3,reactive_afm,400,3,776,440,27.190756
gemma2:2b,3,reactive_afm,400,4,458,283,16.695733
gemma2:2b,3,reactive_afm,400,5,527,325,18.616935
gemma2:2b,4,reactive_afm,400,0,544,305,5.008335
gemma2:2b,4,reactive_afm,400,1,625,352,7.529539
gemma2:2b,4,reactive_afm,400,2,704,398,10.104217
gemma2:2b,4,reactive_afm,400,3,773,440,27.040842
gemma2:2b,4,reactive_afm,400,4,458,283,16.401157
gemma2:2b,4,reactive_afm,400,5,525,324,19.243022
gemma2:2b,0,foveance,400,0,548,306,5.383503
gemma2:2b,0,foveance,400,1,626,352,3.544253
gemma2:2b,0,foveance,400,2,706,399,3.548321
gemma2:2b,0,foveance,400,3,770,439,3.626832
gemma2:2b,0,foveance,400,4,457,283,16.786561
gemma2:2b,0,foveance,400,5,526,325,18.861326
gemma2:2b,1,foveance,400,0,544,305,5.04222
gemma2:2b,1,foveance,400,1,626,352,22.374743
gemma2:2b,1,foveance,400,2,705,398,24.964407
gemma2:2b,1,foveance,400,3,773,440,27.426748
gemma2:2b,1,foveance,400,4,459,284,16.612764
gemma2:2b,1,foveance,400,5,528,325,18.718174
gemma2:2b,2,foveance,400,0,546,306,4.983821
gemma2:2b,2,foveance,400,1,627,352,7.33279
gemma2:2b,2,foveance,400,2,682,386,9.330558
gemma2:2b,2,foveance,400,3,749,427,26.020641
gemma2:2b,2,foveance,400,4,433,270,15.793206
gemma2:2b,2,foveance,400,5,502,312,18.044284
gemma2:2b,3,foveance,400,0,547,306,4.951843
gemma2:2b,3,foveance,400,1,626,352,7.36761
gemma2:2b,3,foveance,400,2,706,399,3.529764
gemma2:2b,3,foveance,400,3,776,440,3.584385
gemma2:2b,3,foveance,400,4,458,283,16.778937
gemma2:2b,3,foveance,400,5,527,325,18.667804
gemma2:2b,4,foveance,400,0,544,305,4.914374
gemma2:2b,4,foveance,400,1,625,352,7.499939
gemma2:2b,4,foveance,400,2,704,398,10.053365
gemma2:2b,4,foveance,400,3,773,440,3.605339
gemma2:2b,4,foveance,400,4,458,283,16.971117
gemma2:2b,4,foveance,400,5,525,324,18.484486
gemma2:2b,0,full,700,0,548,306,4.979027
gemma2:2b,0,full,700,1,1013,551,20.265954
gemma2:2b,0,full,700,2,1477,795,36.705327
gemma2:2b,0,full,700,3,1926,1033,38.459193
gemma2:2b,0,full,700,4,2380,1273,40.944416
gemma2:2b,0,full,700,5,2835,1512,42.503963
gemma2:2b,1,full,700,0,544,305,6.259122
gemma2:2b,1,full,700,1,1011,550,20.322298
gemma2:2b,1,full,700,2,1476,795,36.951338
gemma2:2b,1,full,700,3,1928,1034,38.287241
gemma2:2b,1,full,700,4,2383,1273,40.191718
gemma2:2b,1,full,700,5,2838,1513,41.930798
gemma2:2b,2,full,700,0,546,306,5.267961
gemma2:2b,2,full,700,1,1016,551,20.14162
gemma2:2b,2,full,700,2,1477,795,37.048294
gemma2:2b,2,full,700,3,1929,1034,38.198797
gemma2:2b,2,full,700,4,2378,1272,39.838051
gemma2:2b,2,full,700,5,2829,1511,42.596877
gemma2:2b,3,full,700,0,547,306,5.637976
gemma2:2b,3,full,700,1,1014,551,21.277924
gemma2:2b,3,full,700,2,1480,796,38.333764
gemma2:2b,3,full,700,3,1935,1035,40.062658
gemma2:2b,3,full,700,4,2390,1275,41.460599
gemma2:2b,3,full,700,5,2841,1514,43.480544
gemma2:2b,4,full,700,0,544,305,5.499301
gemma2:2b,4,full,700,1,1011,550,20.988597
gemma2:2b,4,full,700,2,1472,794,37.856623
gemma2:2b,4,full,700,3,1924,1033,38.733006
gemma2:2b,4,full,700,4,2378,1272,41.763714
gemma2:2b,4,full,700,5,2829,1511,43.649137
gemma2:2b,0,recency,700,0,548,306,21.558708
gemma2:2b,0,recency,700,1,1013,551,36.276636
gemma2:2b,0,recency,700,2,1477,795,38.517525
gemma2:2b,0,recency,700,3,1926,1033,39.544001
gemma2:2b,0,recency,700,4,1937,1039,71.17027
gemma2:2b,0,recency,700,5,1952,1047,70.714165
gemma2:2b,1,recency,700,0,544,305,19.73534
gemma2:2b,1,recency,700,1,1011,550,35.195487
gemma2:2b,1,recency,700,2,1476,795,38.122951
gemma2:2b,1,recency,700,3,1928,1034,39.3803
gemma2:2b,1,recency,700,4,1945,1041,70.986479
gemma2:2b,1,recency,700,5,1957,1048,71.902899
gemma2:2b,2,recency,700,0,546,306,20.11251
gemma2:2b,2,recency,700,1,1016,551,35.954426
gemma2:2b,2,recency,700,2,1477,795,38.500193
gemma2:2b,2,recency,700,3,1929,1034,39.87311
gemma2:2b,2,recency,700,4,1936,1039,70.80827
gemma2:2b,2,recency,700,5,1941,1044,70.332992
gemma2:2b,3,recency,700,0,547,306,19.99037
gemma2:2b,3,recency,700,1,1014,551,35.836009
gemma2:2b,3,recency,700,2,1480,796,38.369236
gemma2:2b,3,recency,700,3,1935,1035,39.711615
gemma2:2b,3,recency,700,4,1948,1042,72.319119
gemma2:2b,3,recency,700,5,1957,1048,71.433236
gemma2:2b,4,recency,700,0,544,305,19.762419
gemma2:2b,4,recency,700,1,1011,550,35.813365
gemma2:2b,4,recency,700,2,1472,794,37.809948
gemma2:2b,4,recency,700,3,1924,1033,39.682454
gemma2:2b,4,recency,700,4,1938,1040,71.588239
gemma2:2b,4,recency,700,5,1946,1046,70.738471
gemma2:2b,0,reactive_afm,700,0,548,306,6.195877
gemma2:2b,0,reactive_afm,700,1,1013,551,20.887437
gemma2:2b,0,reactive_afm,700,2,1093,597,24.089873
gemma2:2b,0,reactive_afm,700,3,1155,637,40.945968
gemma2:2b,0,reactive_afm,700,4,1224,678,44.243508
gemma2:2b,0,reactive_afm,700,5,1293,720,24.724575
gemma2:2b,1,reactive_afm,700,0,544,305,5.311299
gemma2:2b,1,reactive_afm,700,1,1011,550,20.982486
gemma2:2b,1,reactive_afm,700,2,1092,597,23.93164
gemma2:2b,1,reactive_afm,700,3,1157,637,41.301422
gemma2:2b,1,reactive_afm,700,4,1229,680,24.512335
gemma2:2b,1,reactive_afm,700,5,1300,722,46.45487
gemma2:2b,2,reactive_afm,700,0,546,306,5.611398
gemma2:2b,2,reactive_afm,700,1,1016,551,21.060737
gemma2:2b,2,reactive_afm,700,2,1071,585,22.943928
gemma2:2b,2,reactive_afm,700,3,1138,626,40.797466
gemma2:2b,2,reactive_afm,700,4,1203,666,23.276708
gemma2:2b,2,reactive_afm,700,5,1273,708,26.709351
gemma2:2b,3,reactive_afm,700,0,547,306,6.054766
gemma2:2b,3,reactive_afm,700,1,1014,551,21.444333
gemma2:2b,3,reactive_afm,700,2,1092,597,24.207506
gemma2:2b,3,reactive_afm,700,3,1161,638,42.291505
gemma2:2b,3,reactive_afm,700,4,1231,680,44.30654
gemma2:2b,3,reactive_afm,700,5,1296,721,46.630958
gemma2:2b,4,reactive_afm,700,0,544,305,5.299729
gemma2:2b,4,reactive_afm,700,1,1011,550,20.935091
gemma2:2b,4,reactive_afm,700,2,1086,595,23.681096
gemma2:2b,4,reactive_afm,700,3,1155,637,41.389775
gemma2:2b,4,reactive_afm,700,4,1227,679,43.944656
gemma2:2b,4,reactive_afm,700,5,1293,720,24.289126
gemma2:2b,0,foveance,700,0,548,306,5.364443
gemma2:2b,0,foveance,700,1,1013,551,21.041883
gemma2:2b,0,foveance,700,2,1093,597,23.94748
gemma2:2b,0,foveance,700,3,1155,637,3.732025
gemma2:2b,0,foveance,700,4,1224,678,21.660365
gemma2:2b,0,foveance,700,5,1293,720,24.277421
gemma2:2b,1,foveance,700,0,544,305,5.130945
gemma2:2b,1,foveance,700,1,1011,550,21.483438
gemma2:2b,1,foveance,700,2,1091,597,38.858692
gemma2:2b,1,foveance,700,3,1157,637,21.494865
gemma2:2b,1,foveance,700,4,1229,680,24.288346
gemma2:2b,1,foveance,700,5,1300,722,3.777706
gemma2:2b,2,foveance,700,0,546,306,5.199755
gemma2:2b,2,foveance,700,1,1016,551,20.807426
gemma2:2b,2,foveance,700,2,1071,585,23.175027
gemma2:2b,2,foveance,700,3,1155,637,41.164346
gemma2:2b,2,foveance,700,4,1203,666,23.577512
gemma2:2b,2,foveance,700,5,1265,706,44.700164
gemma2:2b,3,foveance,700,0,547,306,5.444472
gemma2:2b,3,foveance,700,1,1014,551,20.966508
gemma2:2b,3,foveance,700,2,1092,597,24.178062
gemma2:2b,3,foveance,700,3,1161,638,3.743065
gemma2:2b,3,foveance,700,4,1231,680,3.841625
gemma2:2b,3,foveance,700,5,1296,721,3.807015
gemma2:2b,4,foveance,700,0,544,305,5.231036
gemma2:2b,4,foveance,700,1,1011,550,20.970559
gemma2:2b,4,foveance,700,2,1086,595,23.795824
gemma2:2b,4,foveance,700,3,1155,637,3.73305
gemma2:2b,4,foveance,700,4,1227,679,21.746754
gemma2:2b,4,foveance,700,5,1293,720,24.079187
gemma2:2b,0,full,1200,0,548,306,5.225354
gemma2:2b,0,full,1200,1,1013,551,20.912869
gemma2:2b,0,full,1200,2,1477,795,38.384583
gemma2:2b,0,full,1200,3,1926,1033,39.722981
gemma2:2b,0,full,1200,4,2380,1273,42.196637
gemma2:2b,0,full,1200,5,2835,1512,43.641695
gemma2:2b,1,full,1200,0,544,305,6.577045
gemma2:2b,1,full,1200,1,1011,550,21.134197
gemma2:2b,1,full,1200,2,1476,795,38.158525
gemma2:2b,1,full,1200,3,1928,1034,39.794339
gemma2:2b,1,full,1200,4,2383,1273,41.585193
gemma2:2b,1,full,1200,5,2838,1513,43.659609
gemma2:2b,2,full,1200,0,546,306,5.454619
gemma2:2b,2,full,1200,1,1016,551,20.899753
gemma2:2b,2,full,1200,2,1477,795,38.106538
gemma2:2b,2,full,1200,3,1929,1034,39.858661
gemma2:2b,2,full,1200,4,2378,1272,41.747226
gemma2:2b,2,full,1200,5,2829,1511,43.553487
gemma2:2b,3,full,1200,0,547,306,5.582405
gemma2:2b,3,full,1200,1,1014,551,20.829355
gemma2:2b,3,full,1200,2,1480,796,38.664786
gemma2:2b,3,full,1200,3,1935,1035,40.178392
gemma2:2b,3,full,1200,4,2390,1275,41.808836
gemma2:2b,3,full,1200,5,2841,1514,44.118151
gemma2:2b,4,full,1200,0,544,305,5.685031
gemma2:2b,4,full,1200,1,1011,550,20.999461
gemma2:2b,4,full,1200,2,1472,794,37.722901
gemma2:2b,4,full,1200,3,1924,1033,39.675378
gemma2:2b,4,full,1200,4,2378,1272,42.096027
gemma2:2b,4,full,1200,5,2829,1511,43.811093
gemma2:2b,0,recency,1200,0,548,306,21.313704
gemma2:2b,0,recency,1200,1,1013,551,36.366529
gemma2:2b,0,recency,1200,2,1477,795,38.170568
gemma2:2b,0,recency,1200,3,1926,1033,39.610234
gemma2:2b,0,recency,1200,4,1937,1039,70.624479
gemma2:2b,0,recency,1200,5,1952,1047,71.47255
gemma2:2b,1,recency,1200,0,544,305,20.087947
gemma2:2b,1,recency,1200,1,1011,550,35.873084
gemma2:2b,1,recency,1200,2,1476,795,38.629987
gemma2:2b,1,recency,1200,3,1928,1034,40.121049
gemma2:2b,1,recency,1200,4,1945,1041,71.823549
gemma2:2b,1,recency,1200,5,1957,1048,71.380446
gemma2:2b,2,recency,1200,0,546,306,20.384979
gemma2:2b,2,recency,1200,1,1016,551,36.53259
gemma2:2b,2,recency,1200,2,1477,795,37.984882
gemma2:2b,2,recency,1200,3,1929,1034,38.918458
gemma2:2b,2,recency,1200,4,1936,1039,70.670814
gemma2:2b,2,recency,1200,5,1941,1044,70.289423
gemma2:2b,3,recency,1200,0,547,306,20.237197
gemma2:2b,3,recency,1200,1,1014,551,36.17698
gemma2:2b,3,recency,1200,2,1480,796,38.067342
gemma2:2b,3,recency,1200,3,1935,1035,39.711123
gemma2:2b,3,recency,1200,4,1948,1042,72.044312
gemma2:2b,3,recency,1200,5,1957,1048,71.379144
gemma2:2b,4,recency,1200,0,544,305,20.123385
gemma2:2b,4,recency,1200,1,1011,550,35.783953
gemma2:2b,4,recency,1200,2,1472,794,37.691076
gemma2:2b,4,recency,1200,3,1924,1033,39.918896
gemma2:2b,4,recency,1200,4,1938,1040,72.107363
gemma2:2b,4,recency,1200,5,1946,1046,70.627948
gemma2:2b,0,reactive_afm,1200,0,548,306,6.343744
gemma2:2b,0,reactive_afm,1200,1,1013,551,20.923307
gemma2:2b,0,reactive_afm,1200,2,1477,795,38.084751
gemma2:2b,0,reactive_afm,1200,3,1926,1033,38.997825
gemma2:2b,0,reactive_afm,1200,4,1996,1075,57.82602
gemma2:2b,0,reactive_afm,1200,5,2064,1116,75.905284
gemma2:2b,1,reactive_afm,1200,0,544,305,7.307734
gemma2:2b,1,reactive_afm,1200,1,1011,550,20.880868
gemma2:2b,1,reactive_afm,1200,2,1476,795,37.984421
gemma2:2b,1,reactive_afm,1200,3,1928,1034,39.990095
gemma2:2b,1,reactive_afm,1200,4,1997,1075,58.761759
gemma2:2b,1,reactive_afm,1200,5,2067,1117,76.584294
gemma2:2b,2,reactive_afm,1200,0,546,306,6.640046
gemma2:2b,2,reactive_afm,1200,1,1016,551,20.866914
gemma2:2b,2,reactive_afm,1200,2,1477,795,37.950105
gemma2:2b,2,reactive_afm,1200,3,1929,1034,39.798069
gemma2:2b,2,reactive_afm,1200,4,1972,1062,39.844335
gemma2:2b,2,reactive_afm,1200,5,2038,1103,75.44491
gemma2:2b,3,reactive_afm,1200,0,547,306,7.080721
gemma2:2b,3,reactive_afm,1200,1,1014,551,20.848795
gemma2:2b,3,reactive_afm,1200,2,1480,796,38.164469
gemma2:2b,3,reactive_afm,1200,3,1935,1035,39.720163
gemma2:2b,3,reactive_afm,1200,4,2002,1076,58.374765
gemma2:2b,3,reactive_afm,1200,5,2067,1117,75.294824
gemma2:2b,4,reactive_afm,1200,0,544,305,5.828479
gemma2:2b,4,reactive_afm,1200,1,1011,550,20.846095
gemma2:2b,4,reactive_afm,1200,2,1472,794,37.941731
gemma2:2b,4,reactive_afm,1200,3,1924,1033,39.46108
gemma2:2b,4,reactive_afm,1200,4,1992,1074,57.192209
gemma2:2b,4,reactive_afm,1200,5,2061,1115,60.467313
gemma2:2b,0,foveance,1200,0,548,306,5.895096
gemma2:2b,0,foveance,1200,1,1013,551,20.933625
gemma2:2b,0,foveance,1200,2,1477,795,37.822937
gemma2:2b,0,foveance,1200,3,1926,1033,39.33458
gemma2:2b,0,foveance,1200,4,1996,1075,4.956164
gemma2:2b,0,foveance,1200,5,2064,1116,5.644491
gemma2:2b,1,foveance,1200,0,544,305,6.299779
gemma2:2b,1,foveance,1200,1,1011,550,20.959202
gemma2:2b,1,foveance,1200,2,1476,795,38.429473
gemma2:2b,1,foveance,1200,3,1928,1034,40.16225
gemma2:2b,1,foveance,1200,4,1997,1075,5.083736
gemma2:2b,1,foveance,1200,5,2067,1117,5.773632
gemma2:2b,2,foveance,1200,0,546,306,5.570916
gemma2:2b,2,foveance,1200,1,1016,551,20.868889
gemma2:2b,2,foveance,1200,2,1477,795,38.583116
gemma2:2b,2,foveance,1200,3,1929,1034,39.958964
gemma2:2b,2,foveance,1200,4,1972,1062,41.030189
gemma2:2b,2,foveance,1200,5,2038,1103,5.826862
gemma2:2b,3,foveance,1200,0,547,306,5.625956
gemma2:2b,3,foveance,1200,1,1014,551,21.023198
gemma2:2b,3,foveance,1200,2,1480,796,38.542789
gemma2:2b,3,foveance,1200,3,1935,1035,39.756399
gemma2:2b,3,foveance,1200,4,2002,1076,4.939338
gemma2:2b,3,foveance,1200,5,2067,1117,5.036348
gemma2:2b,4,foveance,1200,0,544,305,6.219324
gemma2:2b,4,foveance,1200,1,1011,550,20.981055
gemma2:2b,4,foveance,1200,2,1472,794,38.198091
gemma2:2b,4,foveance,1200,3,1924,1033,39.717862
gemma2:2b,4,foveance,1200,4,1992,1074,5.971499
gemma2:2b,4,foveance,1200,5,2061,1115,5.739823
llama3.2:1b,0,truncate,400,0,463,306,20.484942
llama3.2:1b,0,truncate,400,1,481,317,13.880601
llama3.2:1b,0,truncate,400,2,500,329,12.956557
llama3.2:1b,0,truncate,400,3,512,335,12.905539
llama3.2:1b,0,truncate,400,4,531,348,13.173276
llama3.2:1b,0,truncate,400,5,552,361,12.915903
llama3.2:1b,0,truncate,400,6,569,371,13.186664
llama3.2:1b,0,truncate,400,7,589,384,12.752174
llama3.2:1b,1,truncate,400,0,463,305,12.244304
llama3.2:1b,1,truncate,400,1,483,318,13.234801
llama3.2:1b,1,truncate,400,2,504,329,12.134067
llama3.2:1b,1,truncate,400,3,516,336,12.105511
llama3.2:1b,1,truncate,400,4,535,349,12.158146
llama3.2:1b,1,truncate,400,5,553,361,11.991071
llama3.2:1b,1,truncate,400,6,572,372,12.305157
llama3.2:1b,1,truncate,400,7,591,384,13.002553
llama3.2:1b,2,truncate,400,0,463,306,11.580753
llama3.2:1b,2,truncate,400,1,482,319,12.260062
llama3.2:1b,2,truncate,400,2,501,328,12.312934
llama3.2:1b,2,truncate,400,3,512,336,12.186587
llama3.2:1b,2,truncate,400,4,533,347,13.087909
llama3.2:1b,2,truncate,400,5,553,360,12.667855
llama3.2:1b,2,truncate,400,6,572,372,11.968626
llama3.2:1b,2,truncate,400,7,590,384,13.724562
llama3.2:1b,3,truncate,400,0,463,306,11.954299
llama3.2:1b,3,truncate,400,1,484,318,12.654792
llama3.2:1b,3,truncate,400,2,503,330,12.020605
llama3.2:1b,3,truncate,400,3,514,337,13.443969
llama3.2:1b,3,truncate,400,4,533,349,13.321205
llama3.2:1b,3,truncate,400,5,551,360,13.288327
llama3.2:1b,3,truncate,400,6,570,371,12.238784
llama3.2:1b,3,truncate,400,7,590,383,12.785231
llama3.2:1b,4,truncate,400,0,463,305,11.652851
llama3.2:1b,4,truncate,400,1,481,318,12.274661
llama3.2:1b,4,truncate,400,2,499,328,12.683534
llama3.2:1b,4,truncate,400,3,507,336,12.042627
llama3.2:1b,4,truncate,400,4,526,348,12.896208
llama3.2:1b,4,truncate,400,5,544,360,12.3728
llama3.2:1b,4,truncate,400,6,562,371,12.123444
llama3.2:1b,4,truncate,400,7,581,385,12.34763
llama3.2:1b,0,uniform,400,0,463,306,2.777496
llama3.2:1b,0,uniform,400,1,224,154,5.636625
llama3.2:1b,0,uniform,400,2,289,201,4.623538
llama3.2:1b,0,uniform,400,3,345,242,5.026644
llama3.2:1b,0,uniform,400,4,401,283,4.894412
llama3.2:1b,0,uniform,400,5,457,325,5.123992
llama3.2:1b,0,uniform,400,6,513,366,4.824014
llama3.2:1b,0,uniform,400,7,569,407,4.881093
llama3.2:1b,1,uniform,400,0,463,305,2.788053
llama3.2:1b,1,uniform,400,1,224,154,5.483587
llama3.2:1b,1,uniform,400,2,289,201,5.318563
llama3.2:1b,1,uniform,400,3,345,242,4.674192
llama3.2:1b,1,uniform,400,4,401,284,4.791584
llama3.2:1b,1,uniform,400,5,457,325,4.890492
llama3.2:1b,1,uniform,400,6,513,366,4.832588
llama3.2:1b,1,uniform,400,7,569,408,4.594842
llama3.2:1b,2,uniform,400,0,463,306,2.822961
llama3.2:1b,2,uniform,400,1,224,154,5.51494
llama3.2:1b,2,uniform,400,2,269,188,4.323401
llama3.2:1b,2,uniform,400,3,325,229,4.788091
llama3.2:1b,2,uniform,400,4,381,270,4.926238
llama3.2:1b,2,uniform,400,5,437,312,4.850486
llama3.2:1b,2,uniform,400,6,493,353,4.873953
llama3.2:1b,2,uniform,400,7,549,395,4.824278
llama3.2:1b,3,uniform,400,0,463,306,2.777651
llama3.2:1b,3,uniform,400,1,224,154,5.527972
llama3.2:1b,3,uniform,400,2,289,201,4.608928
llama3.2:1b,3,uniform,400,3,345,242,4.743426
llama3.2:1b,3,uniform,400,4,401,283,4.75378
llama3.2:1b,3,uniform,400,5,457,325,4.529021
llama3.2:1b,3,uniform,400,6,513,366,4.832337
llama3.2:1b,3,uniform,400,7,569,407,4.660955
llama3.2:1b,4,uniform,400,0,463,305,2.809953
llama3.2:1b,4,uniform,400,1,224,154,5.711669
llama3.2:1b,4,uniform,400,2,289,201,5.362671
llama3.2:1b,4,uniform,400,3,345,242,4.972888
llama3.2:1b,4,uniform,400,4,401,283,4.774526
llama3.2:1b,4,uniform,400,5,457,324,4.514787
llama3.2:1b,4,uniform,400,6,513,366,4.585383
llama3.2:1b,4,uniform,400,7,569,407,4.574903
llama3.2:1b,0,truncate,700,0,463,306,2.777574
llama3.2:1b,0,truncate,700,1,832,551,12.252213
llama3.2:1b,0,truncate,700,2,850,562,12.52623
llama3.2:1b,0,truncate,700,3,860,567,12.044057
llama3.2:1b,0,truncate,700,4,872,575,13.062998
llama3.2:1b,0,truncate,700,5,891,588,12.706332
llama3.2:1b,0,truncate,700,6,912,599,12.837242
llama3.2:1b,0,truncate,700,7,929,610,12.470605
llama3.2:1b,1,truncate,700,0,463,305,2.771377
llama3.2:1b,1,truncate,700,1,832,550,12.593028
llama3.2:1b,1,truncate,700,2,852,562,12.288714
llama3.2:1b,1,truncate,700,3,864,568,12.017957
llama3.2:1b,1,truncate,700,4,876,576,12.547599
llama3.2:1b,1,truncate,700,5,895,588,12.526605
llama3.2:1b,1,truncate,700,6,913,599,12.527047
llama3.2:1b,1,truncate,700,7,932,611,13.00794
llama3.2:1b,2,truncate,700,0,463,306,2.869876
llama3.2:1b,2,truncate,700,1,832,551,11.912872
llama3.2:1b,2,truncate,700,2,851,562,12.159866
llama3.2:1b,2,truncate,700,3,861,567,12.153126
llama3.2:1b,2,truncate,700,4,872,574,12.849148
llama3.2:1b,2,truncate,700,5,893,586,12.878265
llama3.2:1b,2,truncate,700,6,913,599,11.979752
llama3.2:1b,2,truncate,700,7,932,611,13.196763
llama3.2:1b,3,truncate,700,0,463,306,2.829925
llama3.2:1b,3,truncate,700,1,832,551,12.257304
llama3.2:1b,3,truncate,700,2,853,563,12.15336
llama3.2:1b,3,truncate,700,3,863,569,12.420944
llama3.2:1b,3,truncate,700,4,874,576,12.971347
llama3.2:1b,3,truncate,700,5,893,587,11.985706
llama3.2:1b,3,truncate,700,6,911,598,12.590762
llama3.2:1b,3,truncate,700,7,930,609,12.190851
llama3.2:1b,4,truncate,700,0,463,305,2.861243
llama3.2:1b,4,truncate,700,1,832,550,12.702322
llama3.2:1b,4,truncate,700,2,850,561,12.729508
llama3.2:1b,4,truncate,700,3,859,567,12.330027
llama3.2:1b,4,truncate,700,4,867,575,13.153412
llama3.2:1b,4,truncate,700,5,886,587,12.944378
llama3.2:1b,4,truncate,700,6,904,598,12.459608
llama3.2:1b,4,truncate,700,7,922,611,13.209242
llama3.2:1b,0,uniform,700,0,463,306,3.313612
llama3.2:1b,0,uniform,700,1,832,551,13.26477
llama3.2:1b,0,uniform,700,2,289,201,3.278872
llama3.2:1b,0,uniform,700,3,345,242,4.749492
llama3.2:1b,0,uniform,700,4,401,283,4.745363
llama3.2:1b,0,uniform,700,5,457,325,4.771492
llama3.2:1b,0,uniform,700,6,513,366,4.755893
llama3.2:1b,0,uniform,700,7,569,407,4.928443
llama3.2:1b,1,uniform,700,0,463,305,3.183358
llama3.2:1b,1,uniform,700,1,832,550,12.713121
llama3.2:1b,1,uniform,700,2,289,201,3.163382
llama3.2:1b,1,uniform,700,3,345,242,4.814241
llama3.2:1b,1,uniform,700,4,401,284,4.782478
llama3.2:1b,1,uniform,700,5,457,325,4.710861
llama3.2:1b,1,uniform,700,6,513,366,4.858366
llama3.2:1b,1,uniform,700,7,569,408,4.579314
llama3.2:1b,2,uniform,700,0,463,306,3.681272
llama3.2:1b,2,uniform,700,1,832,551,13.1095
llama3.2:1b,2,uniform,700,2,269,188,3.294304
llama3.2:1b,2,uniform,700,3,325,229,5.346747
llama3.2:1b,2,uniform,700,4,381,270,5.075686
llama3.2:1b,2,uniform,700,5,437,312,5.09275
llama3.2:1b,2,uniform,700,6,493,353,5.135026
llama3.2:1b,2,uniform,700,7,549,395,5.410543
llama3.2:1b,3,uniform,700,0,463,306,3.326435
llama3.2:1b,3,uniform,700,1,832,551,13.763045
llama3.2:1b,3,uniform,700,2,289,201,3.266642
llama3.2:1b,3,uniform,700,3,345,242,5.430925
llama3.2:1b,3,uniform,700,4,401,283,5.392498
llama3.2:1b,3,uniform,700,5,457,325,4.960906
llama3.2:1b,3,uniform,700,6,513,366,5.265071
llama3.2:1b,3,uniform,700,7,569,407,5.104134
llama3.2:1b,4,uniform,700,0,463,305,3.530296
llama3.2:1b,4,uniform,700,1,832,550,14.165189
llama3.2:1b,4,uniform,700,2,289,201,3.994567
llama3.2:1b,4,uniform,700,3,345,242,5.378953
llama3.2:1b,4,uniform,700,4,401,283,5.209415
llama3.2:1b,4,uniform,700,5,457,324,5.020991
llama3.2:1b,4,uniform,700,6,513,366,5.059777
llama3.2:1b,4,uniform,700,7,569,407,4.984462
llama3.2:1b,0,truncate,1200,0,463,306,3.412114
llama3.2:1b,0,truncate,1200,1,832,551,14.139824
llama3.2:1b,0,truncate,1200,2,1201,795,14.129238
llama3.2:1b,0,truncate,1200,3,1561,1033,14.854623
llama3.2:1b,0,truncate,1200,4,1570,1039,25.161905
llama3.2:1b,0,truncate,1200,5,1580,1047,25.140103
llama3.2:1b,0,truncate,1200,6,1592,1052,26.007032
llama3.2:1b,0,truncate,1200,7,1611,1065,24.183113
llama3.2:1b,1,truncate,1200,0,463,305,3.54665
llama3.2:1b,1,truncate,1200,1,832,550,13.939076
llama3.2:1b,1,truncate,1200,2,1201,795,15.252035
llama3.2:1b,1,truncate,1200,3,1561,1034,15.47671
llama3.2:1b,1,truncate,1200,4,1572,1041,26.457649
llama3.2:1b,1,truncate,1200,5,1584,1048,26.915638
llama3.2:1b,1,truncate,1200,6,1596,1054,26.340429
llama3.2:1b,1,truncate,1200,7,1615,1066,25.374362
llama3.2:1b,2,truncate,1200,0,463,306,3.569405
llama3.2:1b,2,truncate,1200,1,832,551,13.852603
llama3.2:1b,2,truncate,1200,2,1201,795,14.490388
llama3.2:1b,2,truncate,1200,3,1561,1034,14.786491
llama3.2:1b,2,truncate,1200,4,1571,1039,23.35488
llama3.2:1b,2,truncate,1200,5,1581,1044,23.128819
llama3.2:1b,2,truncate,1200,6,1592,1052,21.68926
llama3.2:1b,2,truncate,1200,7,1613,1064,21.991716
llama3.2:1b,3,truncate,1200,0,463,306,3.193122
llama3.2:1b,3,truncate,1200,1,832,551,11.73523
llama3.2:1b,3,truncate,1200,2,1201,796,12.657306
llama3.2:1b,3,truncate,1200,3,1561,1035,12.790122
llama3.2:1b,3,truncate,1200,4,1573,1042,21.629224
llama3.2:1b,3,truncate,1200,5,1583,1048,22.103036
llama3.2:1b,3,truncate,1200,6,1594,1053,22.234433
llama3.2:1b,3,truncate,1200,7,1613,1064,22.310994
llama3.2:1b,4,truncate,1200,0,463,305,3.440284
llama3.2:1b,4,truncate,1200,1,832,550,12.253092
llama3.2:1b,4,truncate,1200,2,1201,794,13.030938
llama3.2:1b,4,truncate,1200,3,1561,1033,12.959852
llama3.2:1b,4,truncate,1200,4,1570,1040,21.697211
llama3.2:1b,4,truncate,1200,5,1579,1046,21.850484
llama3.2:1b,4,truncate,1200,6,1587,1053,22.888995
llama3.2:1b,4,truncate,1200,7,1606,1065,22.233505
llama3.2:1b,0,uniform,1200,0,463,306,3.176221
llama3.2:1b,0,uniform,1200,1,832,551,12.199668
llama3.2:1b,0,uniform,1200,2,1201,795,12.233656
llama3.2:1b,0,uniform,1200,3,1561,1033,12.952767
llama3.2:1b,0,uniform,1200,4,401,283,3.411861
llama3.2:1b,0,uniform,1200,5,457,325,4.728466
llama3.2:1b,0,uniform,1200,6,513,366,4.839711
llama3.2:1b,0,uniform,1200,7,569,407,4.824676
llama3.2:1b,1,uniform,1200,0,463,305,3.090684
llama3.2:1b,1,uniform,1200,1,832,550,12.937128
llama3.2:1b,1,uniform,1200,2,1201,795,12.212837
llama3.2:1b,1,uniform,1200,3,1561,1034,13.678117
llama3.2:1b,1,uniform,1200,4,401,284,3.426271
llama3.2:1b,1,uniform,1200,5,457,325,4.850438
llama3.2:1b,1,uniform,1200,6,513,366,4.9157
llama3.2:1b,1,uniform,1200,7,569,408,4.752464
llama3.2:1b,2,uniform,1200,0,463,306,3.216356
llama3.2:1b,2,uniform,1200,1,832,551,12.583649
llama3.2:1b,2,uniform,1200,2,1201,795,12.468755
llama3.2:1b,2,uniform,1200,3,1561,1034,12.974205
llama3.2:1b,2,uniform,1200,4,381,270,3.465206
llama3.2:1b,2,uniform,1200,5,437,312,4.999736
llama3.2:1b,2,uniform,1200,6,493,353,4.784637
llama3.2:1b,2,uniform,1200,7,549,395,4.811043
llama3.2:1b,3,uniform,1200,0,463,306,3.201944
llama3.2:1b,3,uniform,1200,1,832,551,12.432532
llama3.2:1b,3,uniform,1200,2,1201,796,12.060339
llama3.2:1b,3,uniform,1200,3,1561,1035,12.629131
llama3.2:1b,3,uniform,1200,4,401,283,3.474156
llama3.2:1b,3,uniform,1200,5,457,325,4.686938
llama3.2:1b,3,uniform,1200,6,513,366,4.992038
llama3.2:1b,3,uniform,1200,7,569,407,4.913765
llama3.2:1b,4,uniform,1200,0,463,305,3.388211
llama3.2:1b,4,uniform,1200,1,832,550,12.192867
llama3.2:1b,4,uniform,1200,2,1201,794,12.422714
llama3.2:1b,4,uniform,1200,3,1561,1033,12.709128
llama3.2:1b,4,uniform,1200,4,401,283,3.598605
llama3.2:1b,4,uniform,1200,5,457,324,4.556166
llama3.2:1b,4,uniform,1200,6,513,366,4.932704
llama3.2:1b,4,uniform,1200,7,569,407,4.693745
qwen2.5:1.5b,0,truncate,400,0,306,306,3.856242
qwen2.5:1.5b,0,truncate,400,1,317,317,3.809803
qwen2.5:1.5b,0,truncate,400,2,329,329,3.798347
qwen2.5:1.5b,0,truncate,400,3,335,335,3.769703
qwen2.5:1.5b,0,truncate,400,4,348,348,3.775286
qwen2.5:1.5b,0,truncate,400,5,361,361,5.4202
qwen2.5:1.5b,0,truncate,400,6,371,371,5.580309
qwen2.5:1.5b,0,truncate,400,7,384,384,5.308745
qwen2.5:1.5b,1,truncate,400,0,305,305,5.028035
qwen2.5:1.5b,1,truncate,400,1,318,318,5.272689
qwen2.5:1.5b,1,truncate,400,2,329,329,4.953539
qwen2.5:1.5b,1,truncate,400,3,336,336,5.049353
qwen2.5:1.5b,1,truncate,400,4,349,349,5.02966
qwen2.5:1.5b,1,truncate,400,5,361,361,4.941173
qwen2.5:1.5b,1,truncate,400,6,372,372,4.938767
qwen2.5:1.5b,1,truncate,400,7,384,384,4.928898
qwen2.5:1.5b,2,truncate,400,0,306,306,5.025661
qwen2.5:1.5b,2,truncate,400,1,319,319,4.956586
qwen2.5:1.5b,2,truncate,400,2,328,328,4.974733
qwen2.5:1.5b,2,truncate,400,3,336,336,4.946724
qwen2.5:1.5b,2,truncate,400,4,347,347,5.033594
qwen2.5:1.5b,2,truncate,400,5,360,360,4.896469
qwen2.5:1.5b,2,truncate,400,6,372,372,4.91705
qwen2.5:1.5b,2,truncate,400,7,384,384,5.027412
qwen2.5:1.5b,3,truncate,400,0,306,306,4.952353
qwen2.5:1.5b,3,truncate,400,1,318,318,4.978291
qwen2.5:1.5b,3,truncate,400,2,330,330,4.970849
qwen2.5:1.5b,3,truncate,400,3,337,337,4.699465
qwen2.5:1.5b,3,truncate,400,4,349,349,4.9975
qwen2.5:1.5b,3,truncate,400,5,360,360,4.940722
qwen2.5:1.5b,3,truncate,400,6,371,371,4.958902
qwen2.5:1.5b,3,truncate,400,7,383,383,5.026975
qwen2.5:1.5b,4,truncate,400,0,305,305,4.928118
qwen2.5:1.5b,4,truncate,400,1,318,318,5.022827
qwen2.5:1.5b,4,truncate,400,2,328,328,4.968725
qwen2.5:1.5b,4,truncate,400,3,336,336,5.005388
qwen2.5:1.5b,4,truncate,400,4,348,348,5.369749
qwen2.5:1.5b,4,truncate,400,5,360,360,4.945933
qwen2.5:1.5b,4,truncate,400,6,371,371,5.144714
qwen2.5:1.5b,4,truncate,400,7,385,385,4.959338
qwen2.5:1.5b,0,uniform,400,0,306,306,4.974954
qwen2.5:1.5b,0,uniform,400,1,154,154,4.922173
qwen2.5:1.5b,0,uniform,400,2,201,201,4.948891
qwen2.5:1.5b,0,uniform,400,3,242,242,4.949615
qwen2.5:1.5b,0,uniform,400,4,283,283,5.012206
qwen2.5:1.5b,0,uniform,400,5,325,325,4.951588
qwen2.5:1.5b,0,uniform,400,6,366,366,4.957932
qwen2.5:1.5b,0,uniform,400,7,407,407,5.291994
qwen2.5:1.5b,1,uniform,400,0,305,305,4.965856
qwen2.5:1.5b,1,uniform,400,1,154,154,5.231737
qwen2.5:1.5b,1,uniform,400,2,201,201,4.930926
qwen2.5:1.5b,1,uniform,400,3,242,242,4.952797
qwen2.5:1.5b,1,uniform,400,4,284,284,4.963305
qwen2.5:1.5b,1,uniform,400,5,325,325,4.928612
qwen2.5:1.5b,1,uniform,400,6,366,366,4.924825
qwen2.5:1.5b,1,uniform,400,7,408,408,4.920789
qwen2.5:1.5b,2,uniform,400,0,306,306,4.951272
qwen2.5:1.5b,2,uniform,400,1,154,154,5.053934
qwen2.5:1.5b,2,uniform,400,2,188,188,5.016751
qwen2.5:1.5b,2,uniform,400,3,229,229,4.994571
qwen2.5:1.5b,2,uniform,400,4,270,270,4.706831
qwen2.5:1.5b,2,uniform,400,5,312,312,4.88176
qwen2.5:1.5b,2,uniform,400,6,353,353,5.281409
qwen2.5:1.5b,2,uniform,400,7,395,395,5.312577
qwen2.5:1.5b,3,uniform,400,0,306,306,4.938168
qwen2.5:1.5b,3,uniform,400,1,154,154,4.937853
qwen2.5:1.5b,3,uniform,400,2,201,201,4.916505
qwen2.5:1.5b,3,uniform,400,3,242,242,4.919918
qwen2.5:1.5b,3,uniform,400,4,283,283,4.96411
qwen2.5:1.5b,3,uniform,400,5,325,325,4.966801
qwen2.5:1.5b,3,uniform,400,6,366,366,4.983374
qwen2.5:1.5b,3,uniform,400,7,407,407,4.949663
qwen2.5:1.5b,4,uniform,400,0,305,305,4.953074
qwen2.5:1.5b,4,uniform,400,1,154,154,4.926652
qwen2.5:1.5b,4,uniform,400,2,201,201,5.122209
qwen2.5:1.5b,4,uniform,400,3,242,242,4.981565
qwen2.5:1.5b,4,uniform,400,4,283,283,5.263211
qwen2.5:1.5b,4,uniform,400,5,324,324,5.047731
qwen2.5:1.5b,4,uniform,400,6,366,366,4.948383
qwen2.5:1.5b,4,uniform,400,7,407,407,4.945571
qwen2.5:1.5b,0,truncate,700,0,306,306,4.969149
qwen2.5:1.5b,0,truncate,700,1,551,551,5.043753
qwen2.5:1.5b,0,truncate,700,2,562,562,4.944673
qwen2.5:1.5b,0,truncate,700,3,567,567,4.953743
qwen2.5:1.5b,0,truncate,700,4,575,575,4.97008
qwen2.5:1.5b,0,truncate,700,5,588,588,4.954387
qwen2.5:1.5b,0,truncate,700,6,599,599,4.931173
qwen2.5:1.5b,0,truncate,700,7,610,610,4.929255
qwen2.5:1.5b,1,truncate,700,0,305,305,5.219809
qwen2.5:1.5b,1,truncate,700,1,550,550,5.272103
qwen2.5:1.5b,1,truncate,700,2,562,562,5.00465
qwen2.5:1.5b,1,truncate,700,3,568,568,5.002833
qwen2.5:1.5b,1,truncate,700,4,576,576,4.936987
qwen2.5:1.5b,1,truncate,700,5,588,588,5.027298
qwen2.5:1.5b,1,truncate,700,6,599,599,4.985325
qwen2.5:1.5b,1,truncate,700,7,611,611,4.934483
qwen2.5:1.5b,2,truncate,700,0,306,306,4.974061
qwen2.5:1.5b,2,truncate,700,1,551,551,4.978492
qwen2.5:1.5b,2,truncate,700,2,562,562,4.93534
qwen2.5:1.5b,2,truncate,700,3,567,567,5.024997
qwen2.5:1.5b,2,truncate,700,4,574,574,4.998482
qwen2.5:1.5b,2,truncate,700,5,586,586,4.933912
qwen2.5:1.5b,2,truncate,700,6,599,599,5.276126
qwen2.5:1.5b,2,truncate,700,7,611,611,4.951815
qwen2.5:1.5b,3,truncate,700,0,306,306,4.936834
qwen2.5:1.5b,3,truncate,700,1,551,551,4.929578
qwen2.5:1.5b,3,truncate,700,2,563,563,5.015521
qwen2.5:1.5b,3,truncate,700,3,569,569,4.970343
qwen2.5:1.5b,3,truncate,700,4,576,576,4.986885
qwen2.5:1.5b,3,truncate,700,5,587,587,4.93766
qwen2.5:1.5b,3,truncate,700,6,598,598,4.934827
qwen2.5:1.5b,3,truncate,700,7,609,609,4.956801
qwen2.5:1.5b,4,truncate,700,0,305,305,4.950205
qwen2.5:1.5b,4,truncate,700,1,550,550,5.037416
qwen2.5:1.5b,4,truncate,700,2,561,561,5.265426
qwen2.5:1.5b,4,truncate,700,3,567,567,4.948545
qwen2.5:1.5b,4,truncate,700,4,575,575,5.067754
qwen2.5:1.5b,4,truncate,700,5,587,587,4.987625
qwen2.5:1.5b,4,truncate,700,6,598,598,5.103294
qwen2.5:1.5b,4,truncate,700,7,611,611,4.925499
qwen2.5:1.5b,0,uniform,700,0,306,306,4.920717
qwen2.5:1.5b,0,uniform,700,1,551,551,4.922529
qwen2.5:1.5b,0,uniform,700,2,201,201,4.897639
qwen2.5:1.5b,0,uniform,700,3,242,242,4.724732
qwen2.5:1.5b,0,uniform,700,4,283,283,4.9567
qwen2.5:1.5b,0,uniform,700,5,325,325,5.037382
qwen2.5:1.5b,0,uniform,700,6,366,366,4.857058
qwen2.5:1.5b,0,uniform,700,7,407,407,4.898442
qwen2.5:1.5b,1,uniform,700,0,305,305,4.903017
qwen2.5:1.5b,1,uniform,700,1,550,550,5.248499
qwen2.5:1.5b,1,uniform,700,2,201,201,4.972623
qwen2.5:1.5b,1,uniform,700,3,242,242,4.93866
qwen2.5:1.5b,1,uniform,700,4,284,284,4.946352
qwen2.5:1.5b,1,uniform,700,5,325,325,4.8957
qwen2.5:1.5b,1,uniform,700,6,366,366,5.085428
qwen2.5:1.5b,1,uniform,700,7,408,408,5.069325
qwen2.5:1.5b,2,uniform,700,0,306,306,5.041298
qwen2.5:1.5b,2,uniform,700,1,551,551,4.998788
qwen2.5:1.5b,2,uniform,700,2,188,188,4.943582
qwen2.5:1.5b,2,uniform,700,3,229,229,4.906493
qwen2.5:1.5b,2,uniform,700,4,270,270,4.943392
qwen2.5:1.5b,2,uniform,700,5,312,312,4.955765
qwen2.5:1.5b,2,uniform,700,6,353,353,5.289556
qwen2.5:1.5b,2,uniform,700,7,395,395,4.94513
qwen2.5:1.5b,3,uniform,700,0,306,306,5.121203
qwen2.5:1.5b,3,uniform,700,1,551,551,4.941831
qwen2.5:1.5b,3,uniform,700,2,201,201,4.983799
qwen2.5:1.5b,3,uniform,700,3,242,242,4.993557
qwen2.5:1.5b,3,uniform,700,4,283,283,4.972242
qwen2.5:1.5b,3,uniform,700,5,325,325,4.694322
qwen2.5:1.5b,3,uniform,700,6,366,366,4.680341
qwen2.5:1.5b,3,uniform,700,7,407,407,5.010891
qwen2.5:1.5b,4,uniform,700,0,305,305,4.953042
qwen2.5:1.5b,4,uniform,700,1,550,550,4.945077
qwen2.5:1.5b,4,uniform,700,2,201,201,5.00596
qwen2.5:1.5b,4,uniform,700,3,242,242,5.249471
qwen2.5:1.5b,4,uniform,700,4,283,283,5.022817
qwen2.5:1.5b,4,uniform,700,5,324,324,4.924257
qwen2.5:1.5b,4,uniform,700,6,366,366,4.972271
qwen2.5:1.5b,4,uniform,700,7,407,407,4.920154
qwen2.5:1.5b,0,truncate,1200,0,306,306,4.962781
qwen2.5:1.5b,0,truncate,1200,1,551,551,5.011329
qwen2.5:1.5b,0,truncate,1200,2,795,795,4.930481
qwen2.5:1.5b,0,truncate,1200,3,1033,1033,4.975514
qwen2.5:1.5b,0,truncate,1200,4,1039,1039,5.0282
qwen2.5:1.5b,0,truncate,1200,5,1047,1047,4.957263
qwen2.5:1.5b,0,truncate,1200,6,1052,1052,4.974336
qwen2.5:1.5b,0,truncate,1200,7,1065,1065,4.981595
qwen2.5:1.5b,1,truncate,1200,0,305,305,4.944579
qwen2.5:1.5b,1,truncate,1200,1,550,550,5.062681
qwen2.5:1.5b,1,truncate,1200,2,795,795,4.895701
qwen2.5:1.5b,1,truncate,1200,3,1034,1034,4.944139
qwen2.5:1.5b,1,truncate,1200,4,1041,1041,4.948425
qwen2.5:1.5b,1,truncate,1200,5,1048,1048,5.129013
qwen2.5:1.5b,1,truncate,1200,6,1054,1054,4.95826
qwen2.5:1.5b,1,truncate,1200,7,1066,1066,4.973571
qwen2.5:1.5b,2,truncate,1200,0,306,306,5.009874
qwen2.5:1.5b,2,truncate,1200,1,551,551,4.936803
qwen2.5:1.5b,2,truncate,1200,2,795,795,5.0096
qwen2.5:1.5b,2,truncate,1200,3,1034,1034,4.977963
qwen2.5:1.5b,2,truncate,1200,4,1039,1039,5.023655
qwen2.5:1.5b,2,truncate,1200,5,1044,1044,4.921627
qwen2.5:1.5b,2,truncate,1200,6,1052,1052,5.246792
qwen2.5:1.5b,2,truncate,1200,7,1064,1064,4.897949
qwen2.5:1.5b,3,truncate,1200,0,306,306,4.91315
qwen2.5:1.5b,3,truncate,1200,1,551,551,4.689821
qwen2.5:1.5b,3,truncate,1200,2,796,796,5.092002
qwen2.5:1.5b,3,truncate,1200,3,1035,1035,5.028983
qwen2.5:1.5b,3,truncate,1200,4,1042,1042,4.939857
qwen2.5:1.5b,3,truncate,1200,5,1048,1048,5.236287
qwen2.5:1.5b,3,truncate,1200,6,1053,1053,4.976604
qwen2.5:1.5b,3,truncate,1200,7,1064,1064,4.999674
qwen2.5:1.5b,4,truncate,1200,0,305,305,4.957463
qwen2.5:1.5b,4,truncate,1200,1,550,550,4.948125
qwen2.5:1.5b,4,truncate,1200,2,794,794,4.934057
qwen2.5:1.5b,4,truncate,1200,3,1033,1033,5.275659
qwen2.5:1.5b,4,truncate,1200,4,1040,1040,5.079398
qwen2.5:1.5b,4,truncate,1200,5,1046,1046,5.104708
qwen2.5:1.5b,4,truncate,1200,6,1053,1053,4.920672
qwen2.5:1.5b,4,truncate,1200,7,1065,1065,5.005234
qwen2.5:1.5b,0,uniform,1200,0,306,306,4.966551
qwen2.5:1.5b,0,uniform,1200,1,551,551,4.943355
qwen2.5:1.5b,0,uniform,1200,2,795,795,4.979389
qwen2.5:1.5b,0,uniform,1200,3,1033,1033,4.949073
qwen2.5:1.5b,0,uniform,1200,4,283,283,5.072871
qwen2.5:1.5b,0,uniform,1200,5,325,325,5.062251
qwen2.5:1.5b,0,uniform,1200,6,366,366,5.338588
qwen2.5:1.5b,0,uniform,1200,7,407,407,4.958578
qwen2.5:1.5b,1,uniform,1200,0,305,305,5.26085
qwen2.5:1.5b,1,uniform,1200,1,550,550,5.034645
qwen2.5:1.5b,1,uniform,1200,2,795,795,4.92954
qwen2.5:1.5b,1,uniform,1200,3,1034,1034,5.040228
qwen2.5:1.5b,1,uniform,1200,4,284,284,4.939131
qwen2.5:1.5b,1,uniform,1200,5,325,325,5.083783
qwen2.5:1.5b,1,uniform,1200,6,366,366,4.951905
qwen2.5:1.5b,1,uniform,1200,7,408,408,5.108517
qwen2.5:1.5b,2,uniform,1200,0,306,306,4.93652
qwen2.5:1.5b,2,uniform,1200,1,551,551,4.938971
qwen2.5:1.5b,2,uniform,1200,2,795,795,4.717484
qwen2.5:1.5b,2,uniform,1200,3,1034,1034,4.949578
qwen2.5:1.5b,2,uniform,1200,4,270,270,4.983653
qwen2.5:1.5b,2,uniform,1200,5,312,312,4.97853
qwen2.5:1.5b,2,uniform,1200,6,353,353,5.506191
qwen2.5:1.5b,2,uniform,1200,7,395,395,4.965285
qwen2.5:1.5b,3,uniform,1200,0,306,306,4.958784
qwen2.5:1.5b,3,uniform,1200,1,551,551,4.943882
qwen2.5:1.5b,3,uniform,1200,2,796,796,4.948328
qwen2.5:1.5b,3,uniform,1200,3,1035,1035,4.95091
qwen2.5:1.5b,3,uniform,1200,4,283,283,4.931619
qwen2.5:1.5b,3,uniform,1200,5,325,325,3.792773
qwen2.5:1.5b,3,uniform,1200,6,366,366,4.087636
qwen2.5:1.5b,3,uniform,1200,7,407,407,4.151416
qwen2.5:1.5b,4,uniform,1200,0,305,305,5.000696
qwen2.5:1.5b,4,uniform,1200,1,550,550,3.803149
qwen2.5:1.5b,4,uniform,1200,2,794,794,3.834309
qwen2.5:1.5b,4,uniform,1200,3,1033,1033,3.825827
qwen2.5:1.5b,4,uniform,1200,4,283,283,4.413883
qwen2.5:1.5b,4,uniform,1200,5,324,324,3.832997
qwen2.5:1.5b,4,uniform,1200,6,366,366,3.838301
qwen2.5:1.5b,4,uniform,1200,7,407,407,4.051855
gemma2:2b,0,truncate,400,0,306,306,5.500127
gemma2:2b,0,truncate,400,1,317,317,5.361621
gemma2:2b,0,truncate,400,2,329,329,5.334662
gemma2:2b,0,truncate,400,3,335,335,5.332214
gemma2:2b,0,truncate,400,4,348,348,5.371744
gemma2:2b,0,truncate,400,5,361,361,5.29005
gemma2:2b,0,truncate,400,6,371,371,5.358835
gemma2:2b,0,truncate,400,7,384,384,5.401805
gemma2:2b,1,truncate,400,0,305,305,5.313313
gemma2:2b,1,truncate,400,1,318,318,4.414386
gemma2:2b,1,truncate,400,2,329,329,5.442317
gemma2:2b,1,truncate,400,3,336,336,5.078684
gemma2:2b,1,truncate,400,4,349,349,5.055158
gemma2:2b,1,truncate,400,5,361,361,5.315219
gemma2:2b,1,truncate,400,6,372,372,5.105671
gemma2:2b,1,truncate,400,7,384,384,5.355986
gemma2:2b,2,truncate,400,0,306,306,5.040662
gemma2:2b,2,truncate,400,1,319,319,5.064245
gemma2:2b,2,truncate,400,2,328,328,5.054819
gemma2:2b,2,truncate,400,3,336,336,5.350333
gemma2:2b,2,truncate,400,4,347,347,5.056132
gemma2:2b,2,truncate,400,5,360,360,5.271927
gemma2:2b,2,truncate,400,6,372,372,5.285715
gemma2:2b,2,truncate,400,7,384,384,5.434957
gemma2:2b,3,truncate,400,0,306,306,5.310518
gemma2:2b,3,truncate,400,1,318,318,5.369528
gemma2:2b,3,truncate,400,2,330,330,5.320067
gemma2:2b,3,truncate,400,3,337,337,5.357952
gemma2:2b,3,truncate,400,4,349,349,5.36031
gemma2:2b,3,truncate,400,5,360,360,5.320669
gemma2:2b,3,truncate,400,6,371,371,5.532565
gemma2:2b,3,truncate,400,7,383,383,5.251599
gemma2:2b,4,truncate,400,0,305,305,5.329922
gemma2:2b,4,truncate,400,1,318,318,5.293309
gemma2:2b,4,truncate,400,2,328,328,5.311237
gemma2:2b,4,truncate,400,3,336,336,5.369205
gemma2:2b,4,truncate,400,4,348,348,5.298823
gemma2:2b,4,truncate,400,5,360,360,5.291254
gemma2:2b,4,truncate,400,6,371,371,5.380191
gemma2:2b,4,truncate,400,7,385,385,5.303024
gemma2:2b,0,uniform,400,0,306,306,5.389374
gemma2:2b,0,uniform,400,1,154,154,5.616218
gemma2:2b,0,uniform,400,2,201,201,5.330593
gemma2:2b,0,uniform,400,3,242,242,5.370424
gemma2:2b,0,uniform,400,4,283,283,5.325289
gemma2:2b,0,uniform,400,5,325,325,5.384036
gemma2:2b,0,uniform,400,6,366,366,7.788503
gemma2:2b,0,uniform,400,7,407,407,5.42964
gemma2:2b,1,uniform,400,0,305,305,5.31824
gemma2:2b,1,uniform,400,1,154,154,5.355349
gemma2:2b,1,uniform,400,2,201,201,5.333162
gemma2:2b,1,uniform,400,3,242,242,5.378268
gemma2:2b,1,uniform,400,4,284,284,5.328955
gemma2:2b,1,uniform,400,5,325,325,5.318448
gemma2:2b,1,uniform,400,6,366,366,5.336728
gemma2:2b,1,uniform,400,7,408,408,5.332627
gemma2:2b,2,uniform,400,0,306,306,5.331336
gemma2:2b,2,uniform,400,1,154,154,5.782616
gemma2:2b,2,uniform,400,2,188,188,5.375961
gemma2:2b,2,uniform,400,3,229,229,5.675383
gemma2:2b,2,uniform,400,4,270,270,5.408609
gemma2:2b,2,uniform,400,5,312,312,5.366589
gemma2:2b,2,uniform,400,6,353,353,5.420656
gemma2:2b,2,uniform,400,7,395,395,5.363887
gemma2:2b,3,uniform,400,0,306,306,5.072147
gemma2:2b,3,uniform,400,1,154,154,5.049186
gemma2:2b,3,uniform,400,2,201,201,5.099676
gemma2:2b,3,uniform,400,3,242,242,5.421842
gemma2:2b,3,uniform,400,4,283,283,5.067674
gemma2:2b,3,uniform,400,5,325,325,5.104106
gemma2:2b,3,uniform,400,6,366,366,5.082329
gemma2:2b,3,uniform,400,7,407,407,5.353838
gemma2:2b,4,uniform,400,0,305,305,5.128745
gemma2:2b,4,uniform,400,1,154,154,5.122619
gemma2:2b,4,uniform,400,2,201,201,5.021787
gemma2:2b,4,uniform,400,3,242,242,5.295125
gemma2:2b,4,uniform,400,4,283,283,5.414318
gemma2:2b,4,uniform,400,5,324,324,5.390033
gemma2:2b,4,uniform,400,6,366,366,5.337403
gemma2:2b,4,uniform,400,7,407,407,5.071495
gemma2:2b,0,truncate,700,0,306,306,5.412271
gemma2:2b,0,truncate,700,1,551,551,5.309312
gemma2:2b,0,truncate,700,2,562,562,5.012945
gemma2:2b,0,truncate,700,3,567,567,5.327339
gemma2:2b,0,truncate,700,4,575,575,5.433027
gemma2:2b,0,truncate,700,5,588,588,5.344494
gemma2:2b,0,truncate,700,6,599,599,5.464339
gemma2:2b,0,truncate,700,7,610,610,5.370852
gemma2:2b,1,truncate,700,0,305,305,5.479988
gemma2:2b,1,truncate,700,1,550,550,5.33773
gemma2:2b,1,truncate,700,2,562,562,5.077672
gemma2:2b,1,truncate,700,3,568,568,5.320122
gemma2:2b,1,truncate,700,4,576,576,5.073352
gemma2:2b,1,truncate,700,5,588,588,5.285286
gemma2:2b,1,truncate,700,6,599,599,5.362569
gemma2:2b,1,truncate,700,7,611,611,5.33641
gemma2:2b,2,truncate,700,0,306,306,5.42306
gemma2:2b,2,truncate,700,1,551,551,5.401974
gemma2:2b,2,truncate,700,2,562,562,5.391057
gemma2:2b,2,truncate,700,3,567,567,5.351489
gemma2:2b,2,truncate,700,4,574,574,5.364068
gemma2:2b,2,truncate,700,5,586,586,5.510276
gemma2:2b,2,truncate,700,6,599,599,5.408642
gemma2:2b,2,truncate,700,7,611,611,5.364352
gemma2:2b,3,truncate,700,0,306,306,5.429074
gemma2:2b,3,truncate,700,1,551,551,5.427855
gemma2:2b,3,truncate,700,2,563,563,5.091578
gemma2:2b,3,truncate,700,3,569,569,5.119454
gemma2:2b,3,truncate,700,4,576,576,5.043853
gemma2:2b,3,truncate,700,5,587,587,5.726973
gemma2:2b,3,truncate,700,6,598,598,5.014389
gemma2:2b,3,truncate,700,7,609,609,5.389715
gemma2:2b,4,truncate,700,0,305,305,5.474878
gemma2:2b,4,truncate,700,1,550,550,5.373256
gemma2:2b,4,truncate,700,2,561,561,5.525372
gemma2:2b,4,truncate,700,3,567,567,5.385623
gemma2:2b,4,truncate,700,4,575,575,5.278305
gemma2:2b,4,truncate,700,5,587,587,5.331243
gemma2:2b,4,truncate,700,6,598,598,5.403983
gemma2:2b,4,truncate,700,7,611,611,5.454309
gemma2:2b,0,uniform,700,0,306,306,5.377289
gemma2:2b,0,uniform,700,1,551,551,5.702011
gemma2:2b,0,uniform,700,2,201,201,5.371912
gemma2:2b,0,uniform,700,3,242,242,5.090902
gemma2:2b,0,uniform,700,4,283,283,5.353277
gemma2:2b,0,uniform,700,5,325,325,5.275543
gemma2:2b,0,uniform,700,6,366,366,5.062014
gemma2:2b,0,uniform,700,7,407,407,5.453366
gemma2:2b,1,uniform,700,0,305,305,5.477972
gemma2:2b,1,uniform,700,1,550,550,5.282921
gemma2:2b,1,uniform,700,2,201,201,5.309653
gemma2:2b,1,uniform,700,3,242,242,5.092647
gemma2:2b,1,uniform,700,4,284,284,5.324999
gemma2:2b,1,uniform,700,5,325,325,5.122523
gemma2:2b,1,uniform,700,6,366,366,5.445492
gemma2:2b,1,uniform,700,7,408,408,5.071164
gemma2:2b,2,uniform,700,0,306,306,5.032402
gemma2:2b,2,uniform,700,1,551,551,5.042741
gemma2:2b,2,uniform,700,2,188,188,5.441291
gemma2:2b,2,uniform,700,3,229,229,5.04236
gemma2:2b,2,uniform,700,4,270,270,5.446919
gemma2:2b,2,uniform,700,5,312,312,5.429341
gemma2:2b,2,uniform,700,6,353,353,5.093503
gemma2:2b,2,uniform,700,7,395,395,5.347263
gemma2:2b,3,uniform,700,0,306,306,5.331512
gemma2:2b,3,uniform,700,1,551,551,5.34099
gemma2:2b,3,uniform,700,2,201,201,5.665674
gemma2:2b,3,uniform,700,3,242,242,5.332661
gemma2:2b,3,uniform,700,4,283,283,5.678517
gemma2:2b,3,uniform,700,5,325,325,5.30253
gemma2:2b,3,uniform,700,6,366,366,5.322014
gemma2:2b,3,uniform,700,7,407,407,5.367159
gemma2:2b,4,uniform,700,0,305,305,5.334591
gemma2:2b,4,uniform,700,1,550,550,5.360765
gemma2:2b,4,uniform,700,2,201,201,5.350078
gemma2:2b,4,uniform,700,3,242,242,5.33025
gemma2:2b,4,uniform,700,4,283,283,5.112847
gemma2:2b,4,uniform,700,5,324,324,5.084284
gemma2:2b,4,uniform,700,6,366,366,5.368165
gemma2:2b,4,uniform,700,7,407,407,5.492211
gemma2:2b,0,truncate,1200,0,306,306,5.069246
gemma2:2b,0,truncate,1200,1,551,551,5.044466
gemma2:2b,0,truncate,1200,2,795,795,5.48836
gemma2:2b,0,truncate,1200,3,1033,1033,5.403385
gemma2:2b,0,truncate,1200,4,1039,1039,5.051472
gemma2:2b,0,truncate,1200,5,1047,1047,5.086894
gemma2:2b,0,truncate,1200,6,1052,1052,5.319683
gemma2:2b,0,truncate,1200,7,1065,1065,5.297935
gemma2:2b,1,truncate,1200,0,305,305,5.421067
gemma2:2b,1,truncate,1200,1,550,550,5.334262
gemma2:2b,1,truncate,1200,2,795,795,5.065058
gemma2:2b,1,truncate,1200,3,1034,1034,5.680863
gemma2:2b,1,truncate,1200,4,1041,1041,5.313753
gemma2:2b,1,truncate,1200,5,1048,1048,5.366054
gemma2:2b,1,truncate,1200,6,1054,1054,5.354867
gemma2:2b,1,truncate,1200,7,1066,1066,5.712119
gemma2:2b,2,truncate,1200,0,306,306,5.444462
gemma2:2b,2,truncate,1200,1,551,551,5.354123
gemma2:2b,2,truncate,1200,2,795,795,5.328649
gemma2:2b,2,truncate,1200,3,1034,1034,5.076274
gemma2:2b,2,truncate,1200,4,1039,1039,5.39175
gemma2:2b,2,truncate,1200,5,1044,1044,5.084931
gemma2:2b,2,truncate,1200,6,1052,1052,5.063501
gemma2:2b,2,truncate,1200,7,1064,1064,5.306637
gemma2:2b,3,truncate,1200,0,306,306,5.607864
gemma2:2b,3,truncate,1200,1,551,551,5.092223
gemma2:2b,3,truncate,1200,2,796,796,5.387555
gemma2:2b,3,truncate,1200,3,1035,1035,5.093629
gemma2:2b,3,truncate,1200,4,1042,1042,5.120918
gemma2:2b,3,truncate,1200,5,1048,1048,5.356812
gemma2:2b,3,truncate,1200,6,1053,1053,5.350997
gemma2:2b,3,truncate,1200,7,1064,1064,5.09056
gemma2:2b,4,truncate,1200,0,305,305,5.31402
gemma2:2b,4,truncate,1200,1,550,550,5.073184
gemma2:2b,4,truncate,1200,2,794,794,5.105889
gemma2:2b,4,truncate,1200,3,1033,1033,5.12224
gemma2:2b,4,truncate,1200,4,1040,1040,5.802597
gemma2:2b,4,truncate,1200,5,1046,1046,5.066169
gemma2:2b,4,truncate,1200,6,1053,1053,5.120621
gemma2:2b,4,truncate,1200,7,1065,1065,5.331703
gemma2:2b,0,uniform,1200,0,306,306,5.371243
gemma2:2b,0,uniform,1200,1,551,551,5.274887
gemma2:2b,0,uniform,1200,2,795,795,5.061134
gemma2:2b,0,uniform,1200,3,1033,1033,5.036961
gemma2:2b,0,uniform,1200,4,283,283,5.086659
gemma2:2b,0,uniform,1200,5,325,325,5.405029
gemma2:2b,0,uniform,1200,6,366,366,5.343689
gemma2:2b,0,uniform,1200,7,407,407,5.381385
gemma2:2b,1,uniform,1200,0,305,305,5.331304
gemma2:2b,1,uniform,1200,1,550,550,5.712822
gemma2:2b,1,uniform,1200,2,795,795,5.420112
gemma2:2b,1,uniform,1200,3,1034,1034,5.37404
gemma2:2b,1,uniform,1200,4,284,284,5.328411
gemma2:2b,1,uniform,1200,5,325,325,5.329561
gemma2:2b,1,uniform,1200,6,366,366,5.372643
gemma2:2b,1,uniform,1200,7,408,408,5.389398
gemma2:2b,2,uniform,1200,0,306,306,5.093203
gemma2:2b,2,uniform,1200,1,551,551,5.904729
gemma2:2b,2,uniform,1200,2,795,795,5.337615
gemma2:2b,2,uniform,1200,3,1034,1034,5.06768
gemma2:2b,2,uniform,1200,4,270,270,5.092228
gemma2:2b,2,uniform,1200,5,312,312,5.429054
gemma2:2b,2,uniform,1200,6,353,353,5.046515
gemma2:2b,2,uniform,1200,7,395,395,5.052357
gemma2:2b,3,uniform,1200,0,306,306,5.123528
gemma2:2b,3,uniform,1200,1,551,551,5.594848
gemma2:2b,3,uniform,1200,2,796,796,5.042107
gemma2:2b,3,uniform,1200,3,1035,1035,5.308506
gemma2:2b,3,uniform,1200,4,283,283,5.07202
gemma2:2b,3,uniform,1200,5,325,325,5.077081
gemma2:2b,3,uniform,1200,6,366,366,5.367058
gemma2:2b,3,uniform,1200,7,407,407,5.29615
gemma2:2b,4,uniform,1200,0,305,305,5.112034
gemma2:2b,4,uniform,1200,1,550,550,5.440575
gemma2:2b,4,uniform,1200,2,794,794,5.755576
gemma2:2b,4,uniform,1200,3,1033,1033,5.060889
gemma2:2b,4,uniform,1200,4,283,283,5.061918
gemma2:2b,4,uniform,1200,5,324,324,5.043573
gemma2:2b,4,uniform,1200,6,366,366,5.033067
gemma2:2b,4,uniform,1200,7,407,407,5.028655
